league,season,game,league_id,season_id,game_id,date,home_team_id,away_team_id,home_team,away_team,away_team_code,home_team_code,home_points,home_expected_points,home_goals,home_xg,home_np_xg,home_np_xg_difference,home_ppda,home_deep_completions,away_points,away_expected_points,away_goals,away_xg,away_np_xg,away_np_xg_difference,away_ppda,away_deep_completions
ENG-Premier League,2526,2025-08-15 Liverpool-Bournemouth,1,2025,28778,2025-08-15 19:00:00,87,73,Liverpool,Bournemouth,BOU,LIV,3,1.877,4,2.33007,2.33007,0.7570400000000002,8.764705882352942,9,0,0.8954,2,1.57303,1.57303,-0.7570400000000002,11.583333333333334,8
ENG-Premier League,2526,2025-08-16 Aston Villa-Newcastle United,1,2025,28779,2025-08-16 11:30:00,71,86,Aston Villa,Newcastle United,NEW,AVL,1,0.42579999999999996,0,0.318601,0.318601,-1.082379,18.916666666666668,2,1,2.3370999999999995,0,1.40098,1.40098,1.082379,6.083333333333333,6
ENG-Premier League,2526,2025-08-16 Brighton-Fulham,1,2025,28780,2025-08-16 14:00:00,220,228,Brighton,Fulham,FLH,BRI,1,1.8562,1,1.44008,0.678909,-0.223974,8.928571428571429,5,1,0.835,1,0.902883,0.902883,0.223974,16.22222222222222,6
ENG-Premier League,2526,2025-08-16 Sunderland-West Ham,1,2025,28781,2025-08-16 14:00:00,77,81,Sunderland,West Ham,WHU,SUN,3,1.48,3,0.724368,0.724368,0.16542,20.785714285714285,2,0,1.129,0,0.558948,0.558948,-0.16542,11.0,8
ENG-Premier League,2526,2025-08-16 Tottenham-Burnley,1,2025,28782,2025-08-16 14:00:00,82,92,Tottenham,Burnley,BUR,TOT,3,2.3089000000000004,3,1.97858,1.97858,1.244442,6.352941176470588,7,0,0.4918,0,0.734138,0.734138,-1.244442,17.352941176470587,6
ENG-Premier League,2526,2025-08-16 Wolverhampton Wanderers-Manchester City,1,2025,28783,2025-08-16 16:30:00,229,88,Wolverhampton Wanderers,Manchester City,MCI,WOL,0,0.2391,0,0.519436,0.519436,-1.7795940000000001,12.10344827586207,4,3,2.6430000000000002,4,2.29903,2.29903,1.7795940000000001,11.8,8
ENG-Premier League,2526,2025-08-17 Chelsea-Crystal Palace,1,2025,28784,2025-08-17 13:00:00,80,78,Chelsea,Crystal Palace,CRY,CHE,1,1.6141,0,1.36793,1.36793,0.33379000000000003,5.869565217391305,7,1,1.093,0,1.03414,1.03414,-0.33379000000000003,17.63157894736842,2
ENG-Premier League,2526,2025-08-17 Manchester United-Arsenal,1,2025,28786,2025-08-17 15:30:00,89,83,Manchester United,Arsenal,ARS,MUN,0,1.3298,0,1.37653,1.37653,0.046130000000000004,7.904761904761905,7,3,1.3628,1,1.3304,1.3304,-0.046130000000000004,11.26086956521739,3
ENG-Premier League,2526,2025-08-17 Nottingham Forest-Brentford,1,2025,28785,2025-08-17 13:00:00,249,244,Nottingham Forest,Brentford,BRE,NOT,3,1.6997,3,1.7555,1.7555,1.191506,11.142857142857142,6,0,1.0148000000000001,1,1.32516,0.563994,-1.191506,9.823529411764707,3
ENG-Premier League,2526,2025-08-18 Leeds-Everton,1,2025,28787,2025-08-18 19:00:00,245,72,Leeds,Everton,EVE,LED,3,2.5742000000000003,1,2.3812,1.62003,0.9456920000000001,15.6875,5,0,0.2864,0,0.674338,0.674338,-0.9456920000000001,27.5,2
ENG-Premier League,2526,2025-08-22 West Ham-Chelsea,1,2025,28788,2025-08-22 19:00:00,81,80,West Ham,Chelsea,CHE,WHU,0,0.0944,1,0.978572,0.978572,-2.9713979999999998,26.307692307692307,6,3,2.8571000000000004,5,3.94997,3.94997,2.9713979999999998,11.947368421052632,5
ENG-Premier League,2526,2025-08-23 Arsenal-Leeds,1,2025,28793,2025-08-23 16:30:00,83,245,Arsenal,Leeds,LED,ARS,3,2.9097,5,2.73761,1.97644,1.819679,7.954545454545454,5,0,0.0513,0,0.156761,0.156761,-1.819679,27.866666666666667,1
ENG-Premier League,2526,2025-08-23 Bournemouth-Wolverhampton Wanderers,1,2025,28792,2025-08-23 14:00:00,73,229,Bournemouth,Wolverhampton Wanderers,WOL,BOU,3,2.5305999999999997,1,1.78462,1.78462,1.411253,5.88,6,0,0.3052,0,0.373367,0.373367,-1.411253,10.428571428571429,3
ENG-Premier League,2526,2025-08-23 Brentford-Aston Villa,1,2025,28790,2025-08-23 14:00:00,244,71,Brentford,Aston Villa,AVL,BRE,3,1.5385,1,1.12964,1.12964,0.15278799999999992,10.785714285714286,2,0,1.1286999999999998,0,0.976852,0.976852,-0.15278799999999992,5.411764705882353,14
ENG-Premier League,2526,2025-08-23 Burnley-Sunderland,1,2025,28791,2025-08-23 14:00:00,92,77,Burnley,Sunderland,SUN,BUR,3,1.2227,2,1.00381,1.00381,-0.1174599999999999,15.428571428571429,4,0,1.448,0,1.12127,1.12127,0.1174599999999999,20.583333333333332,4
ENG-Premier League,2526,2025-08-23 Manchester City-Tottenham,1,2025,28789,2025-08-23 11:30:00,88,82,Manchester City,Tottenham,TOT,MCI,0,1.3467,0,1.2475,1.2475,-0.032649999999999846,10.444444444444445,8,3,1.3643999999999998,2,1.28015,1.28015,0.032649999999999846,13.272727272727273,4
ENG-Premier League,2526,2025-08-24 Crystal Palace-Nottingham Forest,1,2025,28794,2025-08-24 13:00:00,78,249,Crystal Palace,Nottingham Forest,NOT,CRY,1,1.1537,1,1.10188,1.10188,-0.22799000000000014,12.782608695652174,6,1,1.5392,1,1.32987,1.32987,0.22799000000000014,10.368421052631579,4
ENG-Premier League,2526,2025-08-24 Everton-Brighton,1,2025,28795,2025-08-24 13:00:00,72,220,Everton,Brighton,BRI,EVE,3,1.1070000000000002,2,1.80116,1.80116,0.47746,17.705882352941178,5,0,1.6155000000000002,0,2.08487,1.3237,-0.47746,8.68421052631579,8
ENG-Premier League,2526,2025-08-24 Fulham-Manchester United,1,2025,28796,2025-08-24 15:30:00,228,89,Fulham,Manchester United,MUN,FLH,1,1.4455999999999998,1,1.65333,1.65333,0.868472,9.909090909090908,11,1,1.2692,1,1.54603,0.784858,-0.868472,10.88888888888889,11
ENG-Premier League,2526,2025-08-25 Newcastle United-Liverpool,1,2025,28797,2025-08-25 19:00:00,86,87,Newcastle United,Liverpool,LIV,NEW,0,2.4272,2,1.96342,1.96342,1.3168609999999998,12.045454545454545,3,3,0.39349999999999996,3,0.646559,0.646559,-1.3168609999999998,7.571428571428571,6
ENG-Premier League,2526,2025-08-30 Chelsea-Fulham,1,2025,28798,2025-08-30 11:30:00,80,228,Chelsea,Fulham,FLH,CHE,3,2.5668,2,2.4324,1.67123,0.935002,9.32,4,0,0.2994,0,0.736228,0.736228,-0.935002,10.851851851851851,9
ENG-Premier League,2526,2025-08-30 Leeds-Newcastle United,1,2025,28803,2025-08-30 16:30:00,245,86,Leeds,Newcastle United,NEW,LED,1,1.6758,0,0.6773,0.6773,0.373665,14.863636363636363,5,1,0.8724,0,0.303635,0.303635,-0.373665,11.238095238095237,5
ENG-Premier League,2526,2025-08-30 Manchester United-Burnley,1,2025,28802,2025-08-30 14:00:00,89,92,Manchester United,Burnley,BUR,MUN,3,2.7985,3,4.02237,3.2612,1.9350200000000002,15.181818181818182,8,0,0.136,2,1.32618,1.32618,-1.9350200000000002,16.0,3
ENG-Premier League,2526,2025-08-30 Sunderland-Brentford,1,2025,28801,2025-08-30 14:00:00,77,244,Sunderland,Brentford,BRE,SUN,3,1.4156,2,1.57127,0.810099,0.12522500000000003,5.184210526315789,2,0,1.2650000000000001,1,1.44604,0.684874,-0.12522500000000003,21.545454545454547,4
ENG-Premier League,2526,2025-08-30 Tottenham-Bournemouth,1,2025,28799,2025-08-30 14:00:00,82,73,Tottenham,Bournemouth,BOU,TOT,0,0.15689999999999998,0,0.17067,0.17067,-1.94943,5.2,4,3,2.7342000000000004,1,2.1201,2.1201,1.94943,7.146341463414634,11
ENG-Premier League,2526,2025-08-30 Wolverhampton Wanderers-Everton,1,2025,28800,2025-08-30 14:00:00,229,72,Wolverhampton Wanderers,Everton,EVE,WOL,0,0.5699,2,0.943257,0.943257,-1.094653,5.851851851851852,5,3,2.2217000000000002,3,2.03791,2.03791,1.094653,11.961538461538462,11
ENG-Premier League,2526,2025-08-31 Aston Villa-Crystal Palace,1,2025,28807,2025-08-31 18:00:00,71,78,Aston Villa,Crystal Palace,CRY,AVL,0,0.3812,0,1.20586,1.20586,-0.6301000000000001,10.571428571428571,6,3,2.4577999999999998,3,2.59713,1.83596,0.6301000000000001,19.2,5
ENG-Premier League,2526,2025-08-31 Brighton-Manchester City,1,2025,28805,2025-08-31 13:00:00,220,88,Brighton,Manchester City,MCI,BRI,3,1.4209999999999998,2,2.20864,1.44747,-0.6867100000000002,11.814814814814815,4,0,1.3064,1,2.13418,2.13418,0.6867100000000002,11.933333333333334,9
ENG-Premier League,2526,2025-08-31 Liverpool-Arsenal,1,2025,28806,2025-08-31 15:30:00,87,83,Liverpool,Arsenal,ARS,LIV,3,1.2667,1,0.481404,0.481404,-0.004275000000000029,15.066666666666666,4,0,1.2709,0,0.485679,0.485679,0.004275000000000029,12.869565217391305,5
ENG-Premier League,2526,2025-08-31 Nottingham Forest-West Ham,1,2025,28804,2025-08-31 13:00:00,249,81,Nottingham Forest,West Ham,WHU,NOT,0,0.33340000000000003,0,0.716018,0.716018,-0.758812,9.846153846153847,6,3,2.5114,3,2.236,1.47483,0.758812,21.46153846153846,5
ENG-Premier League,2526,2025-09-13 Arsenal-Nottingham Forest,1,2025,28808,2025-09-13 11:30:00,83,249,Arsenal,Nottingham Forest,NOT,ARS,3,2.8737,3,2.8817,2.8817,2.588019,10.95,10,0,0.07830000000000001,0,0.293681,0.293681,-2.588019,14.55,1
ENG-Premier League,2526,2025-09-13 Bournemouth-Brighton,1,2025,28810,2025-09-13 14:00:00,73,220,Bournemouth,Brighton,BRI,BOU,3,2.1195,2,1.44187,0.680706,0.05578300000000003,10.833333333333334,5,0,0.6141000000000001,1,0.624923,0.624923,-0.05578300000000003,8.695652173913043,3
ENG-Premier League,2526,2025-09-13 Brentford-Chelsea,1,2025,28815,2025-09-13 19:00:00,244,80,Brentford,Chelsea,CHE,BRE,1,1.7843999999999998,2,1.17533,1.17533,0.419331,20.1875,8,1,0.9162,2,0.755999,0.755999,-0.419331,5.206896551724138,12
ENG-Premier League,2526,2025-09-13 Crystal Palace-Sunderland,1,2025,28811,2025-09-13 14:00:00,78,77,Crystal Palace,Sunderland,SUN,CRY,1,2.5155,0,1.75805,1.75805,1.403921,13.555555555555555,8,1,0.31589999999999996,0,0.354129,0.354129,-1.403921,17.77777777777778,4
ENG-Premier League,2526,2025-09-13 Everton-Aston Villa,1,2025,28812,2025-09-13 14:00:00,72,71,Everton,Aston Villa,AVL,EVE,1,2.5199,0,1.8927,1.8927,1.538373,7.074074074074074,10,1,0.3143,0,0.354327,0.354327,-1.538373,8.368421052631579,3
ENG-Premier League,2526,2025-09-13 Fulham-Leeds,1,2025,28813,2025-09-13 14:00:00,228,245,Fulham,Leeds,LED,FLH,3,1.6496,1,1.13979,1.13979,0.3093920000000001,9.478260869565217,4,0,1.0121,0,0.830398,0.830398,-0.3093920000000001,13.444444444444445,5
ENG-Premier League,2526,2025-09-13 Newcastle United-Wolverhampton Wanderers,1,2025,28809,2025-09-13 14:00:00,86,229,Newcastle United,Wolverhampton Wanderers,WOL,NEW,3,2.1553,1,1.19186,1.19186,0.8159179999999999,10.5625,12,0,0.5596,0,0.375942,0.375942,-0.8159179999999999,9.041666666666666,3
ENG-Premier League,2526,2025-09-13 West Ham-Tottenham,1,2025,28814,2025-09-13 16:30:00,81,82,West Ham,Tottenham,TOT,WHU,0,0.7895000000000001,0,0.793248,0.793248,-0.720772,17.555555555555557,2,3,1.9297999999999997,3,1.51402,1.51402,0.720772,10.857142857142858,8
ENG-Premier League,2526,2025-09-14 Burnley-Liverpool,1,2025,28816,2025-09-14 13:00:00,92,87,Burnley,Liverpool,LIV,BUR,0,0.0498,0,0.168041,0.168041,-1.8657089999999998,11.090909090909092,0,3,2.9114999999999998,1,2.79492,2.03375,1.8657089999999998,4.142857142857143,17
ENG-Premier League,2526,2025-09-14 Manchester City-Manchester United,1,2025,28817,2025-09-14 15:30:00,88,89,Manchester City,Manchester United,MUN,MCI,3,1.697,3,1.99725,1.99725,0.47809999999999997,19.214285714285715,8,0,1.0457,0,1.51915,1.51915,-0.47809999999999997,9.23076923076923,8
ENG-Premier League,2526,2025-09-20 Brighton-Tottenham,1,2025,28821,2025-09-20 14:00:00,220,82,Brighton,Tottenham,TOT,BRI,1,1.5372999999999999,2,1.40466,1.40466,0.21284999999999998,11.48,4,1,1.1338,2,1.19181,1.19181,-0.21284999999999998,4.84375,14
ENG-Premier League,2526,2025-09-20 Burnley-Nottingham Forest,1,2025,28822,2025-09-20 14:00:00,92,249,Burnley,Nottingham Forest,NOT,BUR,1,1.6359,1,1.14159,1.14159,0.31081100000000006,18.88888888888889,4,1,1.0473,1,0.830779,0.830779,-0.31081100000000006,9.095238095238095,10
ENG-Premier League,2526,2025-09-20 Fulham-Brentford,1,2025,28825,2025-09-20 19:00:00,228,244,Fulham,Brentford,BRE,FLH,3,1.9517,3,1.52431,1.52431,0.6977540000000001,19.846153846153847,5,0,0.7894999999999999,1,0.826556,0.826556,-0.6977540000000001,13.476190476190476,3
ENG-Premier League,2526,2025-09-20 Liverpool-Everton,1,2025,28818,2025-09-20 11:30:00,87,72,Liverpool,Everton,EVE,LIV,3,1.6665,2,1.06166,1.06166,0.34028900000000006,5.884615384615385,12,0,1.0035,1,0.721371,0.721371,-0.34028900000000006,11.304347826086957,9
ENG-Premier League,2526,2025-09-20 Manchester United-Chelsea,1,2025,28824,2025-09-20 16:30:00,89,80,Manchester United,Chelsea,CHE,MUN,3,2.163,2,1.34458,1.34458,0.8747370000000001,12.961538461538462,4,0,0.5622,1,0.469843,0.469843,-0.8747370000000001,13.142857142857142,5
ENG-Premier League,2526,2025-09-20 West Ham-Crystal Palace,1,2025,28819,2025-09-20 14:00:00,81,78,West Ham,Crystal Palace,CRY,WHU,0,0.22110000000000002,1,0.466365,0.466365,-1.8692849999999999,8.565217391304348,5,3,2.6628,2,2.33565,2.33565,1.8692849999999999,23.818181818181817,7
ENG-Premier League,2526,2025-09-20 Wolverhampton Wanderers-Leeds,1,2025,28820,2025-09-20 14:00:00,229,245,Wolverhampton Wanderers,Leeds,LED,WOL,0,2.2899999999999996,1,1.5661,1.5661,1.109112,10.96,10,3,0.48339999999999994,3,0.456988,0.456988,-1.109112,13.19047619047619,7
ENG-Premier League,2526,2025-09-21 Arsenal-Manchester City,1,2025,28827,2025-09-21 15:30:00,83,88,Arsenal,Manchester City,MCI,ARS,1,0.9305000000000001,1,0.718575,0.718575,-0.40412500000000007,6.818181818181818,10,1,1.7474,1,1.1227,1.1227,0.40412500000000007,17.0,3
ENG-Premier League,2526,2025-09-21 Bournemouth-Newcastle United,1,2025,28823,2025-09-21 13:00:00,73,86,Bournemouth,Newcastle United,NEW,BOU,1,1.7041999999999997,0,0.55066,0.55066,0.397031,8.363636363636363,4,1,0.7742,0,0.153629,0.153629,-0.397031,16.41176470588235,6
ENG-Premier League,2526,2025-09-21 Sunderland-Aston Villa,1,2025,28826,2025-09-21 13:00:00,77,71,Sunderland,Aston Villa,AVL,SUN,1,1.3236999999999999,1,0.938312,0.938312,-0.0010419999999999874,9.869565217391305,4,1,1.33,1,0.939354,0.939354,0.0010419999999999874,7.0,16
ENG-Premier League,2526,2025-09-27 Brentford-Manchester United,1,2025,28828,2025-09-27 11:30:00,244,89,Brentford,Manchester United,MUN,BRE,3,1.7845,3,2.78726,2.78726,1.3123399999999998,11.72,6,0,0.9664,1,2.23609,1.47492,-1.3123399999999998,12.125,1
ENG-Premier League,2526,2025-09-27 Chelsea-Brighton,1,2025,28829,2025-09-27 14:00:00,80,220,Chelsea,Brighton,BRI,CHE,0,1.0291,1,2.02653,2.02653,-0.4485699999999997,8.526315789473685,4,3,1.7227,3,2.4751,2.4751,0.4485699999999997,9.172413793103448,8
ENG-Premier League,2526,2025-09-27 Crystal Palace-Liverpool,1,2025,28830,2025-09-27 14:00:00,78,87,Crystal Palace,Liverpool,LIV,CRY,3,1.6584,2,3.53323,3.53323,0.43147,24.375,12,0,1.1448,1,3.10176,3.10176,-0.43147,8.571428571428571,5
ENG-Premier League,2526,2025-09-27 Leeds-Bournemouth,1,2025,28832,2025-09-27 14:00:00,245,73,Leeds,Bournemouth,BOU,LED,1,2.0964,2,2.04728,2.04728,0.9869500000000002,10.076923076923077,3,1,0.6846,2,1.06033,1.06033,-0.9869500000000002,8.4,9
ENG-Premier League,2526,2025-09-27 Manchester City-Burnley,1,2025,28833,2025-09-27 14:00:00,88,92,Manchester City,Burnley,BUR,MCI,3,2.8438999999999997,5,3.22133,3.22133,2.711839,16.0,15,0,0.0959,1,0.509491,0.509491,-2.711839,17.1875,4
ENG-Premier League,2526,2025-09-27 Nottingham Forest-Sunderland,1,2025,28834,2025-09-27 16:30:00,249,77,Nottingham Forest,Sunderland,SUN,NOT,0,0.9927,0,1.4203,1.4203,-0.5212400000000001,9.3,6,3,1.7727,1,1.94154,1.94154,0.5212400000000001,29.5,3
ENG-Premier League,2526,2025-09-27 Tottenham-Wolverhampton Wanderers,1,2025,28835,2025-09-27 19:00:00,82,229,Tottenham,Wolverhampton Wanderers,WOL,TOT,1,0.9919,1,0.818711,0.818711,-0.3407990000000001,16.928571428571427,5,1,1.6705,1,1.15951,1.15951,0.3407990000000001,9.5,4
ENG-Premier League,2526,2025-09-28 Aston Villa-Fulham,1,2025,28831,2025-09-28 13:00:00,71,228,Aston Villa,Fulham,FLH,AVL,3,1.7306,3,1.36575,1.36575,0.413138,17.357142857142858,6,0,0.9763999999999999,1,0.952612,0.952612,-0.413138,13.833333333333334,4
ENG-Premier League,2526,2025-09-28 Newcastle United-Arsenal,1,2025,28836,2025-09-28 15:30:00,86,83,Newcastle United,Arsenal,ARS,NEW,0,0.474,1,0.739851,0.739851,-1.3306289999999998,16.466666666666665,4,3,2.3387999999999995,2,2.07048,2.07048,1.3306289999999998,7.25,13
ENG-Premier League,2526,2025-09-29 Everton-West Ham,1,2025,28837,2025-09-29 19:00:00,72,81,Everton,West Ham,WHU,EVE,1,1.4394999999999998,1,0.909703,0.909703,0.13393700000000008,12.764705882352942,12,1,1.2127,1,0.775766,0.775766,-0.13393700000000008,13.5,7
ENG-Premier League,2526,2025-10-03 Bournemouth-Fulham,1,2025,28838,2025-10-03 19:00:00,73,228,Bournemouth,Fulham,FLH,BOU,3,1.8082,3,1.33458,1.33458,0.49123000000000006,13.823529411764707,13,0,0.8946999999999998,1,0.84335,0.84335,-0.49123000000000006,19.142857142857142,10
ENG-Premier League,2526,2025-10-04 Arsenal-West Ham,1,2025,28839,2025-10-04 14:00:00,83,81,Arsenal,West Ham,WHU,ARS,3,2.7519,2,3.0585,2.29733,1.432781,4.212121212121212,17,0,0.159,0,0.864549,0.864549,-1.432781,25.076923076923077,3
ENG-Premier League,2526,2025-10-04 Chelsea-Liverpool,1,2025,28842,2025-10-04 16:30:00,80,87,Chelsea,Liverpool,LIV,CHE,3,0.7363,2,1.23721,1.23721,-0.8226000000000002,13.3,6,0,2.0083,1,2.05981,2.05981,0.8226000000000002,17.125,9
ENG-Premier League,2526,2025-10-04 Leeds-Tottenham,1,2025,28844,2025-10-04 11:30:00,245,82,Leeds,Tottenham,TOT,LED,0,2.0633,1,1.48051,1.48051,0.792312,10.833333333333334,6,3,0.6734,2,0.688198,0.688198,-0.792312,15.0,4
ENG-Premier League,2526,2025-10-04 Manchester United-Sunderland,1,2025,28845,2025-10-04 14:00:00,89,77,Manchester United,Sunderland,SUN,MUN,3,2.2545,2,1.9298,1.9298,1.122681,10.173913043478262,7,0,0.5388,0,0.807119,0.807119,-1.122681,9.76,3
ENG-Premier League,2526,2025-10-05 Aston Villa-Burnley,1,2025,28840,2025-10-05 13:00:00,71,92,Aston Villa,Burnley,BUR,AVL,3,2.3255,2,1.73572,1.73572,1.233428,12.722222222222221,8,0,0.4577,1,0.502292,0.502292,-1.233428,7.809523809523809,1
ENG-Premier League,2526,2025-10-05 Brentford-Manchester City,1,2025,28841,2025-10-05 15:30:00,244,88,Brentford,Manchester City,MCI,BRE,0,0.9858,0,0.693758,0.693758,-0.40271200000000007,13.3,2,3,1.6665,1,1.09647,1.09647,0.40271200000000007,13.5,9
ENG-Premier League,2526,2025-10-05 Everton-Crystal Palace,1,2025,28843,2025-10-05 13:00:00,72,78,Everton,Crystal Palace,CRY,EVE,3,1.3515,2,2.13876,1.37759,-0.8003,9.275862068965518,5,0,1.3839,1,2.17789,2.17789,0.8003,6.805555555555555,6
ENG-Premier League,2526,2025-10-05 Newcastle United-Nottingham Forest,1,2025,28846,2025-10-05 13:00:00,86,249,Newcastle United,Nottingham Forest,NOT,NEW,3,2.9546,2,3.81662,3.05545,2.717761,8.0,13,0,0.027200000000000002,0,0.337689,0.337689,-2.717761,11.047619047619047,4
ENG-Premier League,2526,2025-10-05 Wolverhampton Wanderers-Brighton,1,2025,28847,2025-10-05 13:00:00,229,220,Wolverhampton Wanderers,Brighton,BRI,WOL,1,0.4865,1,0.369404,0.369404,-1.022176,13.571428571428571,2,1,2.2661,1,1.39158,1.39158,1.022176,9.818181818181818,2
ENG-Premier League,2526,2025-10-18 Brighton-Newcastle United,1,2025,28848,2025-10-18 14:00:00,220,86,Brighton,Newcastle United,NEW,BRI,3,0.9963000000000001,2,0.857104,0.857104,-0.4260260000000001,13.409090909090908,8,0,1.7094,1,1.28313,1.28313,0.4260260000000001,9.64,9
ENG-Premier League,2526,2025-10-18 Burnley-Leeds,1,2025,28849,2025-10-18 14:00:00,92,245,Burnley,Leeds,LED,BUR,3,0.22310000000000002,2,0.509647,0.509647,-1.8218729999999999,15.80952380952381,2,0,2.6492,0,2.33152,2.33152,1.8218729999999999,7.809523809523809,8
ENG-Premier League,2526,2025-10-18 Crystal Palace-Bournemouth,1,2025,28850,2025-10-18 14:00:00,78,73,Crystal Palace,Bournemouth,BOU,CRY,1,2.7443,3,4.56284,3.80167,1.7545700000000002,7.84,14,1,0.1793,3,2.0471,2.0471,-1.7545700000000002,8.11111111111111,6
ENG-Premier League,2526,2025-10-18 Fulham-Arsenal,1,2025,28851,2025-10-18 16:30:00,228,83,Fulham,Arsenal,ARS,FLH,0,0.29500000000000004,0,0.502332,0.502332,-1.575898,18.1875,3,3,2.5627,1,2.07823,2.07823,1.575898,30.0,14
ENG-Premier League,2526,2025-10-18 Manchester City-Everton,1,2025,28853,2025-10-18 14:00:00,88,72,Manchester City,Everton,EVE,MCI,3,2.5183,2,2.4799,2.4799,1.6852780000000003,8.722222222222221,15,0,0.3247,0,0.794622,0.794622,-1.6852780000000003,16.692307692307693,4
ENG-Premier League,2526,2025-10-18 Nottingham Forest-Chelsea,1,2025,28854,2025-10-18 11:30:00,249,80,Nottingham Forest,Chelsea,CHE,NOT,0,1.0608,0,2.0555,2.0555,-0.5028000000000001,14.842105263157896,9,3,1.7066999999999999,3,2.5583,2.5583,0.5028000000000001,8.482758620689655,6
ENG-Premier League,2526,2025-10-18 Sunderland-Wolverhampton Wanderers,1,2025,28855,2025-10-18 14:00:00,77,229,Sunderland,Wolverhampton Wanderers,WOL,SUN,3,1.6885000000000001,2,1.02481,1.02481,0.348487,36.42857142857143,6,0,0.9793000000000001,0,0.676323,0.676323,-0.348487,5.233333333333333,11
ENG-Premier League,2526,2025-10-19 Liverpool-Manchester United,1,2025,28852,2025-10-19 15:30:00,87,89,Liverpool,Manchester United,MUN,LIV,0,1.4439000000000002,1,2.60972,2.60972,0.0785499999999999,7.625,10,3,1.3212000000000002,2,2.53117,2.53117,-0.0785499999999999,17.428571428571427,6
ENG-Premier League,2526,2025-10-19 Tottenham-Aston Villa,1,2025,28856,2025-10-19 13:00:00,82,71,Tottenham,Aston Villa,AVL,TOT,0,2.3837,1,1.51461,1.51461,1.162379,7.592592592592593,5,3,0.4064,2,0.352231,0.352231,-1.162379,12.88888888888889,2
ENG-Premier League,2526,2025-10-20 West Ham-Brentford,1,2025,28857,2025-10-20 19:00:00,81,244,West Ham,Brentford,BRE,WHU,0,0.045399999999999996,0,0.260251,0.260251,-3.206099,14.777777777777779,4,3,2.926,2,3.46635,3.46635,3.206099,12.466666666666667,11
ENG-Premier League,2526,2025-10-24 Leeds-West Ham,1,2025,28864,2025-10-24 19:00:00,245,81,Leeds,West Ham,WHU,LED,3,2.6272,2,2.2214,2.2214,1.722747,10.814814814814815,1,0,0.2482,1,0.498653,0.498653,-1.722747,9.576923076923077,4
ENG-Premier League,2526,2025-10-25 Brentford-Liverpool,1,2025,28861,2025-10-25 19:00:00,244,87,Brentford,Liverpool,LIV,BRE,3,2.1265,3,3.27126,2.5101,0.39171999999999985,14.0,5,0,0.6868,2,2.11838,2.11838,-0.39171999999999985,6.2,10
ENG-Premier League,2526,2025-10-25 Chelsea-Sunderland,1,2025,28862,2025-10-25 14:00:00,80,77,Chelsea,Sunderland,SUN,CHE,0,1.0463,1,1.21332,1.21332,-0.33728,9.333333333333334,11,3,1.6661000000000001,2,1.5506,1.5506,0.33728,21.647058823529413,6
ENG-Premier League,2526,2025-10-25 Manchester United-Brighton,1,2025,28865,2025-10-25 16:30:00,89,220,Manchester United,Brighton,BRI,MUN,3,2.1264000000000003,4,1.96231,1.96231,1.015156,13.964285714285714,9,0,0.6576,2,0.947154,0.947154,-1.015156,6.333333333333333,5
ENG-Premier League,2526,2025-10-25 Newcastle United-Fulham,1,2025,28866,2025-10-25 14:00:00,86,228,Newcastle United,Fulham,FLH,NEW,3,2.2806,2,2.76806,2.76806,1.24805,9.035714285714286,7,0,0.534,1,1.52001,1.52001,-1.24805,9.551724137931034,3
ENG-Premier League,2526,2025-10-26 Arsenal-Crystal Palace,1,2025,28859,2025-10-26 13:00:00,83,78,Arsenal,Crystal Palace,CRY,ARS,3,1.8296999999999999,1,0.856175,0.856175,0.505641,12.411764705882353,5,0,0.7859999999999999,0,0.350534,0.350534,-0.505641,28.272727272727273,1
ENG-Premier League,2526,2025-10-26 Aston Villa-Manchester City,1,2025,28860,2025-10-26 13:00:00,71,88,Aston Villa,Manchester City,MCI,AVL,3,0.9462999999999999,1,0.843906,0.843906,-0.525234,22.363636363636363,8,0,1.7647,0,1.36914,1.36914,0.525234,10.25,11
ENG-Premier League,2526,2025-10-26 Bournemouth-Nottingham Forest,1,2025,28858,2025-10-26 13:00:00,73,249,Bournemouth,Nottingham Forest,NOT,BOU,3,1.6589999999999998,2,0.656601,0.656601,0.351108,8.04,7,0,0.8847,0,0.305493,0.305493,-0.351108,11.75,4
ENG-Premier League,2526,2025-10-26 Everton-Tottenham,1,2025,28863,2025-10-26 15:30:00,72,82,Everton,Tottenham,TOT,EVE,0,0.831,0,1.4032,1.4032,-0.69007,13.421052631578947,6,3,1.9179,3,2.09327,2.09327,0.69007,17.0,3
ENG-Premier League,2526,2025-10-26 Wolverhampton Wanderers-Burnley,1,2025,28867,2025-10-26 13:00:00,229,92,Wolverhampton Wanderers,Burnley,BUR,WOL,0,2.141,2,2.58132,1.82015,0.27471,8.875,10,3,0.6457999999999999,3,1.54544,1.54544,-0.27471,14.555555555555555,5
ENG-Premier League,2526,2025-11-01 Brighton-Leeds,1,2025,28868,2025-11-01 15:00:00,220,245,Brighton,Leeds,LED,BRI,3,2.8172,3,2.64127,2.64127,2.28208,14.80952380952381,7,0,0.1109,0,0.35919,0.35919,-2.28208,22.6,2
ENG-Premier League,2526,2025-11-01 Burnley-Arsenal,1,2025,28869,2025-11-01 15:00:00,92,83,Burnley,Arsenal,ARS,BUR,0,0.2319,0,0.679177,0.679177,-1.837313,15.55,3,3,2.64,2,2.51649,2.51649,1.837313,12.157894736842104,9
ENG-Premier League,2526,2025-11-01 Crystal Palace-Brentford,1,2025,28870,2025-11-01 15:00:00,78,244,Crystal Palace,Brentford,BRE,CRY,3,1.2190999999999999,2,0.734558,0.734558,-0.0859399999999999,19.375,5,0,1.4138,0,0.820498,0.820498,0.0859399999999999,5.818181818181818,8
ENG-Premier League,2526,2025-11-01 Fulham-Wolverhampton Wanderers,1,2025,28871,2025-11-01 15:00:00,228,229,Fulham,Wolverhampton Wanderers,WOL,FLH,3,2.6905,3,1.91207,1.91207,1.7021359999999999,12.833333333333334,11,0,0.1861,0,0.209934,0.209934,-1.7021359999999999,21.3125,4
ENG-Premier League,2526,2025-11-01 Liverpool-Aston Villa,1,2025,28872,2025-11-01 20:00:00,87,71,Liverpool,Aston Villa,AVL,LIV,3,2.2034,2,1.47021,1.47021,1.03519,10.95,12,0,0.5414,0,0.43502,0.43502,-1.03519,16.0625,6
ENG-Premier League,2526,2025-11-01 Nottingham Forest-Manchester United,1,2025,28874,2025-11-01 15:00:00,249,89,Nottingham Forest,Manchester United,MUN,NOT,1,1.9257000000000002,2,1.55066,1.55066,0.6344399999999999,13.695652173913043,7,1,0.8145,2,0.91622,0.91622,-0.6344399999999999,9.470588235294118,5
ENG-Premier League,2526,2025-11-01 Tottenham-Chelsea,1,2025,28876,2025-11-01 17:30:00,82,80,Tottenham,Chelsea,CHE,TOT,0,0.0249,0,0.146954,0.146954,-3.195556,8.56,4,3,2.9549999999999996,1,3.34251,3.34251,3.195556,7.0,13
ENG-Premier League,2526,2025-11-02 Manchester City-Bournemouth,1,2025,28873,2025-11-02 16:30:00,88,73,Manchester City,Bournemouth,BOU,MCI,3,2.4677000000000002,3,2.48999,2.48999,1.590144,20.1875,8,0,0.3725,1,0.899846,0.899846,-1.590144,11.217391304347826,4
ENG-Premier League,2526,2025-11-02 West Ham-Newcastle United,1,2025,28877,2025-11-02 14:00:00,81,86,West Ham,Newcastle United,NEW,WHU,3,2.1611,3,1.41383,1.41383,0.8902149999999999,23.583333333333332,3,0,0.5843,1,0.523615,0.523615,-0.8902149999999999,8.882352941176471,7
ENG-Premier League,2526,2025-11-03 Sunderland-Everton,1,2025,28875,2025-11-03 20:00:00,77,72,Sunderland,Everton,EVE,SUN,1,1.4357000000000002,1,1.18068,1.18068,0.17327000000000004,8.238095238095237,7,1,1.244,1,1.00741,1.00741,-0.17327000000000004,23.153846153846153,5
ENG-Premier League,2526,2025-11-08 Chelsea-Wolverhampton Wanderers,1,2025,28880,2025-11-08 20:00:00,80,229,Chelsea,Wolverhampton Wanderers,WOL,CHE,3,2.9846,3,3.98342,3.98342,3.8719580000000002,10.421052631578947,13,0,0.008,0,0.111462,0.111462,-3.8719580000000002,20.4,1
ENG-Premier League,2526,2025-11-08 Everton-Fulham,1,2025,28882,2025-11-08 15:00:00,72,228,Everton,Fulham,FLH,EVE,3,2.6755,2,2.30607,2.30607,1.881592,15.176470588235293,5,0,0.21400000000000002,0,0.424478,0.424478,-1.881592,9.9,7
ENG-Premier League,2526,2025-11-08 Sunderland-Arsenal,1,2025,28885,2025-11-08 17:30:00,77,83,Sunderland,Arsenal,ARS,SUN,1,0.6061,2,1.20495,1.20495,-1.12448,13.466666666666667,7,1,2.1799,2,2.32943,2.32943,1.12448,9.4375,11
ENG-Premier League,2526,2025-11-08 Tottenham-Manchester United,1,2025,28886,2025-11-08 12:30:00,82,89,Tottenham,Manchester United,MUN,TOT,1,1.813,2,1.35532,1.35532,0.5350640000000001,7.724137931034483,5,1,0.9049,2,0.820256,0.820256,-0.5350640000000001,13.31578947368421,3
ENG-Premier League,2526,2025-11-08 West Ham-Burnley,1,2025,28887,2025-11-08 15:00:00,81,92,West Ham,Burnley,BUR,WHU,3,2.2418,3,2.96728,2.96728,1.0925000000000002,15.45,4,0,0.5509999999999999,2,1.87478,1.87478,-1.0925000000000002,10.526315789473685,7
ENG-Premier League,2526,2025-11-09 Aston Villa-Bournemouth,1,2025,28878,2025-11-09 14:00:00,71,73,Aston Villa,Bournemouth,BOU,AVL,3,1.2654999999999998,4,1.88282,1.88282,0.6340699999999999,5.793103448275862,10,0,1.4691999999999998,0,2.00992,1.24875,-0.6340699999999999,6.814814814814815,6
ENG-Premier League,2526,2025-11-09 Brentford-Newcastle United,1,2025,28879,2025-11-09 14:00:00,244,86,Brentford,Newcastle United,NEW,BRE,3,2.8235,3,2.73729,1.97612,1.543843,12.0,7,0,0.1112,1,0.432277,0.432277,-1.543843,11.105263157894736,2
ENG-Premier League,2526,2025-11-09 Crystal Palace-Brighton,1,2025,28881,2025-11-09 14:00:00,78,220,Crystal Palace,Brighton,BRI,CRY,1,1.4652,0,0.839547,0.839547,0.20251000000000008,11.76923076923077,10,1,1.1541,0,0.637037,0.637037,-0.20251000000000008,10.0,7
ENG-Premier League,2526,2025-11-09 Manchester City-Liverpool,1,2025,28883,2025-11-09 16:30:00,88,87,Manchester City,Liverpool,LIV,MCI,3,1.8593,3,1.59542,0.834247,-0.19385300000000005,11.818181818181818,7,0,0.8609,0,1.0281,1.0281,0.19385300000000005,11.0,7
ENG-Premier League,2526,2025-11-09 Nottingham Forest-Leeds,1,2025,28884,2025-11-09 14:00:00,249,245,Nottingham Forest,Leeds,LED,NOT,3,2.7659,3,2.49097,1.72981,1.310349,15.166666666666666,4,0,0.1457,1,0.419461,0.419461,-1.310349,9.35,3
ENG-Premier League,2526,2025-11-22 Bournemouth-West Ham,1,2025,28888,2025-11-22 15:00:00,73,81,Bournemouth,West Ham,WHU,BOU,1,2.9155,2,3.48299,2.72182,2.331038,2.303030303030303,9,1,0.0496,2,0.390782,0.390782,-2.331038,21.727272727272727,3
ENG-Premier League,2526,2025-11-22 Brighton-Brentford,1,2025,28890,2025-11-22 15:00:00,220,244,Brighton,Brentford,BRE,BRI,3,0.43720000000000003,2,0.977488,0.977488,0.30004,7.48,10,0,2.3872,1,2.19979,0.677448,-0.30004,17.4,7
ENG-Premier League,2526,2025-11-22 Burnley-Chelsea,1,2025,28891,2025-11-22 12:30:00,92,80,Burnley,Chelsea,CHE,BUR,0,0.5518000000000001,0,0.660943,0.660943,-1.059987,14.115384615384615,6,3,2.2234000000000003,2,1.72093,1.72093,1.059987,13.157894736842104,11
ENG-Premier League,2526,2025-11-22 Fulham-Sunderland,1,2025,28892,2025-11-22 15:00:00,228,77,Fulham,Sunderland,SUN,FLH,3,2.863,1,2.83729,2.83729,2.614522,14.133333333333333,17,0,0.0823,0,0.222768,0.222768,-2.614522,13.095238095238095,2
ENG-Premier League,2526,2025-11-22 Liverpool-Nottingham Forest,1,2025,28894,2025-11-22 15:00:00,87,249,Liverpool,Nottingham Forest,NOT,LIV,0,1.8124,0,1.79273,1.79273,0.5981399999999999,4.681818181818182,11,3,0.9379,3,1.19459,1.19459,-0.5981399999999999,23.153846153846153,6
ENG-Premier League,2526,2025-11-22 Newcastle United-Manchester City,1,2025,28896,2025-11-22 17:30:00,86,88,Newcastle United,Manchester City,MCI,NEW,3,1.3791,2,2.40555,2.40555,-0.05093000000000014,11.681818181818182,4,0,1.3767,1,2.45648,2.45648,0.05093000000000014,7.722222222222222,16
ENG-Premier League,2526,2025-11-22 Wolverhampton Wanderers-Crystal Palace,1,2025,28897,2025-11-22 15:00:00,229,78,Wolverhampton Wanderers,Crystal Palace,CRY,WOL,0,1.569,0,1.66409,1.66409,0.21476000000000006,10.695652173913043,10,3,1.146,2,1.44933,1.44933,-0.21476000000000006,10.04,11
ENG-Premier League,2526,2025-11-23 Arsenal-Tottenham,1,2025,28889,2025-11-23 16:30:00,83,82,Arsenal,Tottenham,TOT,ARS,3,2.8482,4,2.27827,2.27827,2.2482028,6.294117647058823,13,0,0.0774,1,0.0300672,0.0300672,-2.2482028,13.444444444444445,2
ENG-Premier League,2526,2025-11-23 Leeds-Aston Villa,1,2025,28893,2025-11-23 14:00:00,245,71,Leeds,Aston Villa,AVL,LED,0,1.7718,1,1.84668,1.84668,0.4869000000000001,7.333333333333333,5,3,0.9681,2,1.35978,1.35978,-0.4869000000000001,11.944444444444445,5
ENG-Premier League,2526,2025-11-24 Manchester United-Everton,1,2025,28895,2025-11-24 20:00:00,89,72,Manchester United,Everton,EVE,MUN,0,2.7676000000000003,0,2.2737,2.2737,2.1186369999999997,4.7727272727272725,15,3,0.13390000000000002,1,0.155063,0.155063,-2.1186369999999997,28.666666666666668,2
ENG-Premier League,2526,2025-11-29 Brentford-Burnley,1,2025,28899,2025-11-29 15:00:00,244,92,Brentford,Burnley,BUR,BRE,3,2.8943,3,3.72106,2.9599,2.8470440000000004,14.642857142857142,5,0,0.0638,1,0.874025,0.112856,-2.8470440000000004,11.894736842105264,1
ENG-Premier League,2526,2025-11-29 Everton-Newcastle United,1,2025,28902,2025-11-29 17:30:00,72,86,Everton,Newcastle United,NEW,EVE,0,0.4603,1,1.01125,1.01125,-1.4475699999999998,14.91304347826087,13,3,2.3653,4,2.45882,2.45882,1.4475699999999998,21.666666666666668,8
ENG-Premier League,2526,2025-11-29 Manchester City-Leeds,1,2025,28903,2025-11-29 15:00:00,88,245,Manchester City,Leeds,LED,MCI,3,2.1735,3,2.85292,2.85292,2.0126530000000002,12.294117647058824,12,0,0.6177,2,1.75142,0.840267,-2.0126530000000002,8.366666666666667,4
ENG-Premier League,2526,2025-11-29 Sunderland-Bournemouth,1,2025,28905,2025-11-29 15:00:00,77,73,Sunderland,Bournemouth,BOU,SUN,3,0.8139000000000001,3,1.16955,0.40842,-1.38432,9.9,9,0,1.8752999999999997,2,1.79274,1.79274,1.38432,7.722222222222222,9
ENG-Premier League,2526,2025-11-29 Tottenham-Fulham,1,2025,28906,2025-11-29 20:00:00,82,228,Tottenham,Fulham,FLH,TOT,0,1.9130999999999998,1,1.04396,1.04396,0.5492239999999999,6.689655172413793,3,3,0.7629000000000001,2,0.494736,0.494736,-0.5492239999999999,12.565217391304348,5
ENG-Premier League,2526,2025-11-30 Aston Villa-Wolverhampton Wanderers,1,2025,28898,2025-11-30 14:05:00,71,229,Aston Villa,Wolverhampton Wanderers,WOL,AVL,3,1.7575999999999998,1,1.15486,1.15486,0.462272,9.75,5,0,0.9275,0,0.692588,0.692588,-0.462272,10.238095238095237,3
ENG-Premier League,2526,2025-11-30 Chelsea-Arsenal,1,2025,28900,2025-11-30 16:30:00,80,83,Chelsea,Arsenal,ARS,CHE,1,0.9354,1,0.791914,0.791914,-0.43636600000000003,11.55,2,1,1.7576999999999998,1,1.22828,1.22828,0.43636600000000003,7.75,7
ENG-Premier League,2526,2025-11-30 Crystal Palace-Manchester United,1,2025,28901,2025-11-30 12:00:00,78,89,Crystal Palace,Manchester United,MUN,CRY,0,1.9058000000000002,1,2.13561,1.37444,-0.10324,12.68421052631579,4,3,0.812,2,1.47768,1.47768,0.10324,8.947368421052632,1
ENG-Premier League,2526,2025-11-30 Nottingham Forest-Brighton,1,2025,28904,2025-11-30 14:05:00,249,220,Nottingham Forest,Brighton,BRI,NOT,0,0.6342,0,0.960325,0.960325,-1.0968749999999998,13.173913043478262,11,3,2.1597,2,2.0572,2.0572,1.0968749999999998,9.88,8
ENG-Premier League,2526,2025-11-30 West Ham-Liverpool,1,2025,28907,2025-11-30 14:05:00,81,87,West Ham,Liverpool,LIV,WHU,0,0.3761,0,0.364152,0.364152,-1.203778,13.826086956521738,4,3,2.4242,2,1.56793,1.56793,1.203778,8.478260869565217,9
ENG-Premier League,2526,2025-12-02 Bournemouth-Everton,1,2025,28908,2025-12-02 19:30:00,73,72,Bournemouth,Everton,EVE,BOU,0,0.8400000000000001,0,0.635415,0.635415,-0.560315,11.285714285714286,7,3,1.8410999999999997,1,1.19573,1.19573,0.560315,11.708333333333334,5
ENG-Premier League,2526,2025-12-02 Fulham-Manchester City,1,2025,28912,2025-12-02 19:30:00,228,88,Fulham,Manchester City,MCI,FLH,0,0.6456,4,0.972635,0.972635,-0.989615,10.038461538461538,6,3,2.1311999999999998,5,1.96225,1.96225,0.989615,17.636363636363637,5
ENG-Premier League,2526,2025-12-02 Newcastle United-Tottenham,1,2025,28916,2025-12-02 20:15:00,86,82,Newcastle United,Tottenham,TOT,NEW,1,1.9952999999999999,2,1.88558,1.12441,0.07235999999999998,7.76,5,1,0.7545,2,1.05205,1.05205,-0.07235999999999998,12.95,4
ENG-Premier League,2526,2025-12-03 Arsenal-Brentford,1,2025,28909,2025-12-03 19:30:00,83,244,Arsenal,Brentford,BRE,ARS,3,2.694,2,2.63126,2.63126,2.0425440000000004,6.925925925925926,4,0,0.19740000000000002,0,0.588716,0.588716,-2.0425440000000004,15.61111111111111,3
ENG-Premier League,2526,2025-12-03 Brighton-Aston Villa,1,2025,28910,2025-12-03 19:30:00,220,71,Brighton,Aston Villa,AVL,BRI,0,0.6274000000000001,3,1.96298,1.96298,-1.19447,6.0,5,3,2.1954999999999996,4,3.15745,3.15745,1.19447,14.421052631578947,11
ENG-Premier League,2526,2025-12-03 Burnley-Crystal Palace,1,2025,28911,2025-12-03 19:30:00,92,78,Burnley,Crystal Palace,CRY,BUR,0,1.4739,0,1.16852,1.16852,0.18072299999999997,9.76,9,3,1.1972999999999998,1,0.987797,0.987797,-0.18072299999999997,24.785714285714285,4
ENG-Premier League,2526,2025-12-03 Leeds-Chelsea,1,2025,28913,2025-12-03 20:15:00,245,80,Leeds,Chelsea,CHE,LED,3,2.3367,3,2.2047,2.2047,1.2406819999999998,23.88888888888889,3,0,0.47669999999999996,1,0.964018,0.964018,-1.2406819999999998,5.714285714285714,8
ENG-Premier League,2526,2025-12-03 Liverpool-Sunderland,1,2025,28914,2025-12-03 20:15:00,87,77,Liverpool,Sunderland,SUN,LIV,1,1.9108,1,1.37633,1.37633,0.663668,9.470588235294118,5,1,0.7938999999999999,1,0.712662,0.712662,-0.663668,19.333333333333332,3
ENG-Premier League,2526,2025-12-03 Wolverhampton Wanderers-Nottingham Forest,1,2025,28917,2025-12-03 19:30:00,229,249,Wolverhampton Wanderers,Nottingham Forest,NOT,WOL,0,1.2841,0,1.02461,1.02461,-0.09928000000000003,9.173913043478262,2,3,1.3606,1,1.12389,1.12389,0.09928000000000003,13.421052631578947,7
ENG-Premier League,2526,2025-12-04 Manchester United-West Ham,1,2025,28915,2025-12-04 20:00:00,89,81,Manchester United,West Ham,WHU,MUN,1,2.0681,1,2.27674,2.27674,0.9109000000000003,5.4,7,1,0.7105999999999999,1,1.36584,1.36584,-0.9109000000000003,10.333333333333334,8
ENG-Premier League,2526,2025-12-06 Aston Villa-Arsenal,1,2025,28919,2025-12-06 12:30:00,71,83,Aston Villa,Arsenal,ARS,AVL,3,1.9629,2,2.71986,2.71986,0.8602100000000001,13.470588235294118,11,0,0.8340000000000001,1,1.85965,1.85965,-0.8602100000000001,9.636363636363637,9
ENG-Premier League,2526,2025-12-06 Bournemouth-Chelsea,1,2025,28918,2025-12-06 15:00:00,73,80,Bournemouth,Chelsea,CHE,BOU,1,2.1058,0,1.41931,1.41931,0.746708,11.076923076923077,6,1,0.6232,0,0.672602,0.672602,-0.746708,8.15,4
ENG-Premier League,2526,2025-12-06 Everton-Nottingham Forest,1,2025,28921,2025-12-06 15:00:00,72,249,Everton,Nottingham Forest,NOT,EVE,3,2.2379,3,1.25348,1.25348,0.9411399999999999,8.448275862068966,9,0,0.49910000000000004,0,0.31234,0.31234,-0.9411399999999999,5.8076923076923075,1
ENG-Premier League,2526,2025-12-06 Leeds-Liverpool,1,2025,28923,2025-12-06 17:30:00,245,87,Leeds,Liverpool,LIV,LED,1,1.214,3,1.79333,1.03216,-1.01589,15.0625,4,1,1.5317,3,2.04805,2.04805,1.01589,10.136363636363637,5
ENG-Premier League,2526,2025-12-06 Manchester City-Sunderland,1,2025,28924,2025-12-06 15:00:00,88,77,Manchester City,Sunderland,SUN,MCI,3,2.5646999999999998,3,2.41605,2.41605,1.789564,16.785714285714285,7,0,0.2988,0,0.626486,0.626486,-1.789564,13.19047619047619,1
ENG-Premier League,2526,2025-12-06 Newcastle United-Burnley,1,2025,28925,2025-12-06 15:00:00,86,92,Newcastle United,Burnley,BUR,NEW,3,1.518,2,1.80708,1.04591,0.22332399999999986,7.166666666666667,13,0,1.1873999999999998,1,1.58375,0.822586,-0.22332399999999986,22.846153846153847,2
ENG-Premier League,2526,2025-12-06 Tottenham-Brentford,1,2025,28926,2025-12-06 15:00:00,82,244,Tottenham,Brentford,BRE,TOT,3,2.7239,2,2.42388,2.42388,1.953317,8.458333333333334,8,0,0.17420000000000002,0,0.470563,0.470563,-1.953317,11.166666666666666,8
ENG-Premier League,2526,2025-12-07 Brighton-West Ham,1,2025,28920,2025-12-07 14:00:00,220,81,Brighton,West Ham,WHU,BRI,1,1.6409,1,2.10077,2.10077,0.3943699999999999,6.045454545454546,8,1,1.1159000000000001,1,1.7064,1.7064,-0.3943699999999999,17.733333333333334,3
ENG-Premier League,2526,2025-12-07 Fulham-Crystal Palace,1,2025,28922,2025-12-07 16:30:00,228,78,Fulham,Crystal Palace,CRY,FLH,0,0.6637,1,0.766771,0.766771,-0.944319,12.157894736842104,5,3,2.092,2,1.71109,1.71109,0.944319,21.157894736842106,3
ENG-Premier League,2526,2025-12-08 Wolverhampton Wanderers-Manchester United,1,2025,28927,2025-12-08 20:00:00,229,89,Wolverhampton Wanderers,Manchester United,MUN,WOL,0,0.015099999999999999,1,0.262147,0.262147,-3.0237629999999998,8.054054054054054,6,3,2.9737000000000005,4,4.04708,3.28591,3.0237629999999998,4.583333333333333,10
ENG-Premier League,2526,2025-12-13 Arsenal-Wolverhampton Wanderers,1,2025,28928,2025-12-13 20:00:00,83,229,Arsenal,Wolverhampton Wanderers,WOL,ARS,3,2.1571000000000002,2,1.61796,1.61796,0.99799,9.416666666666666,12,0,0.5785,1,0.61997,0.61997,-0.99799,15.2,3
ENG-Premier League,2526,2025-12-13 Burnley-Fulham,1,2025,28930,2025-12-13 17:30:00,92,228,Burnley,Fulham,FLH,BUR,0,1.6566999999999998,2,2.05486,2.05486,0.4043300000000001,13.565217391304348,8,3,1.0927,3,1.65053,1.65053,-0.4043300000000001,23.833333333333332,7
ENG-Premier League,2526,2025-12-13 Chelsea-Everton,1,2025,28931,2025-12-13 15:00:00,80,72,Chelsea,Everton,EVE,CHE,3,2.2369000000000003,2,2.64457,2.64457,1.3045699999999998,8.173913043478262,6,0,0.5821000000000001,0,1.34,1.34,-1.3045699999999998,15.2,4
ENG-Premier League,2526,2025-12-13 Liverpool-Brighton,1,2025,28933,2025-12-13 15:00:00,87,220,Liverpool,Brighton,BRI,LIV,3,1.8756,2,2.4127,2.4127,0.7226600000000001,18.3125,12,0,0.9045,0,1.69004,1.69004,-0.7226600000000001,9.866666666666667,8
ENG-Premier League,2526,2025-12-14 Brentford-Leeds,1,2025,28929,2025-12-14 16:30:00,244,245,Brentford,Leeds,LED,BRE,1,0.6105,1,0.697006,0.697006,-0.937084,8.65,6,1,2.1303,1,1.63409,1.63409,0.937084,18.3125,9
ENG-Premier League,2526,2025-12-14 Crystal Palace-Manchester City,1,2025,28932,2025-12-14 14:00:00,78,88,Crystal Palace,Manchester City,MCI,CRY,0,1.2586000000000002,0,1.30092,1.30092,0.7089240000000001,13.37037037037037,8,3,1.4515,3,1.35317,0.591996,-0.7089240000000001,13.0,3
ENG-Premier League,2526,2025-12-14 Nottingham Forest-Tottenham,1,2025,28935,2025-12-14 14:00:00,249,82,Nottingham Forest,Tottenham,TOT,NOT,3,2.7379,3,2.32658,2.32658,1.9463339999999998,8.36,1,0,0.1654,0,0.380246,0.380246,-1.9463339999999998,7.884615384615385,4
ENG-Premier League,2526,2025-12-14 Sunderland-Newcastle United,1,2025,28936,2025-12-14 14:00:00,77,86,Sunderland,Newcastle United,NEW,SUN,3,1.8202,1,0.630045,0.630045,0.46071599999999996,11.652173913043478,5,0,0.7123,0,0.169329,0.169329,-0.46071599999999996,10.4375,4
ENG-Premier League,2526,2025-12-14 West Ham-Aston Villa,1,2025,28937,2025-12-14 14:00:00,81,71,West Ham,Aston Villa,AVL,WHU,0,2.0064,2,1.27701,1.27701,0.681917,12.428571428571429,0,3,0.6824999999999999,3,0.595093,0.595093,-0.681917,10.857142857142858,3
ENG-Premier League,2526,2025-12-15 Manchester United-Bournemouth,1,2025,28934,2025-12-15 20:00:00,89,73,Manchester United,Bournemouth,BOU,MUN,1,1.937,4,3.21204,3.21204,0.86008,6.055555555555555,18,1,0.8651,4,2.35196,2.35196,-0.86008,13.538461538461538,12
ENG-Premier League,2526,2025-12-20 Bournemouth-Burnley,1,2025,28938,2025-12-20 15:00:00,73,92,Bournemouth,Burnley,BUR,BOU,1,2.4666,1,1.81847,1.81847,1.337942,5.5,12,1,0.34109999999999996,1,0.480528,0.480528,-1.337942,10.590909090909092,3
ENG-Premier League,2526,2025-12-20 Brighton-Sunderland,1,2025,28940,2025-12-20 15:00:00,220,77,Brighton,Sunderland,SUN,BRI,1,1.0229,0,0.919272,0.919272,-0.39116800000000007,9.882352941176471,10,1,1.6883000000000001,0,1.31044,1.31044,0.39116800000000007,8.52,8
ENG-Premier League,2526,2025-12-20 Everton-Arsenal,1,2025,28941,2025-12-20 20:00:00,72,83,Everton,Arsenal,ARS,EVE,0,0.17,0,0.213273,0.213273,-0.872787,24.11764705882353,0,3,2.7131,1,1.84723,1.08606,0.872787,13.857142857142858,13
ENG-Premier League,2526,2025-12-20 Leeds-Crystal Palace,1,2025,28943,2025-12-20 20:00:00,245,78,Leeds,Crystal Palace,CRY,LED,3,2.3453999999999997,4,2.90786,2.90786,2.138453,10.473684210526315,7,0,0.4698,1,1.53058,0.769407,-2.138453,8.758620689655173,5
ENG-Premier League,2526,2025-12-20 Manchester City-West Ham,1,2025,28944,2025-12-20 15:00:00,88,81,Manchester City,West Ham,WHU,MCI,3,2.7782,3,3.58188,3.58188,2.56045,7.757575757575758,14,0,0.1532,0,1.02143,1.02143,-2.56045,19.09090909090909,2
ENG-Premier League,2526,2025-12-20 Newcastle United-Chelsea,1,2025,28945,2025-12-20 12:30:00,86,80,Newcastle United,Chelsea,CHE,NEW,1,2.6139,2,2.87863,2.87863,1.8525299999999998,8.296296296296296,7,1,0.2691,2,1.0261,1.0261,-1.8525299999999998,9.15,7
ENG-Premier League,2526,2025-12-20 Tottenham-Liverpool,1,2025,28946,2025-12-20 17:30:00,82,87,Tottenham,Liverpool,LIV,TOT,0,1.4414,1,1.34905,1.34905,0.11741000000000001,17.8125,2,3,1.2494,2,1.23164,1.23164,-0.11741000000000001,12.23076923076923,10
ENG-Premier League,2526,2025-12-20 Wolverhampton Wanderers-Brentford,1,2025,28947,2025-12-20 15:00:00,229,244,Wolverhampton Wanderers,Brentford,BRE,WOL,0,1.13,0,1.26823,0.507064,-1.0560260000000001,13.318181818181818,6,3,1.5776000000000001,2,1.56309,1.56309,1.0560260000000001,6.233333333333333,9
ENG-Premier League,2526,2025-12-21 Aston Villa-Manchester United,1,2025,28939,2025-12-21 16:30:00,71,89,Aston Villa,Manchester United,MUN,AVL,3,1.8699,2,1.86917,1.86917,0.5646199999999999,11.521739130434783,1,0,0.8601000000000001,1,1.30455,1.30455,-0.5646199999999999,5.7894736842105265,8
ENG-Premier League,2526,2025-12-22 Fulham-Nottingham Forest,1,2025,28942,2025-12-22 20:00:00,228,249,Fulham,Nottingham Forest,NOT,FLH,3,2.4221,1,1.70568,0.944508,0.458212,23.583333333333332,5,0,0.3848,0,0.486296,0.486296,-0.458212,16.0,7
ENG-Premier League,2526,2025-12-26 Manchester United-Newcastle United,1,2025,28954,2025-12-26 20:00:00,89,86,Manchester United,Newcastle United,NEW,MUN,3,1.208,1,0.940811,0.940811,-0.18916900000000003,16.5,1,0,1.4795,0,1.12998,1.12998,0.18916900000000003,7.708333333333333,9
ENG-Premier League,2526,2025-12-27 Arsenal-Brighton,1,2025,28948,2025-12-27 15:00:00,83,220,Arsenal,Brighton,BRI,ARS,3,2.5946,2,2.54318,2.54318,1.833116,13.882352941176471,8,0,0.2768,1,0.710064,0.710064,-1.833116,10.826086956521738,6
ENG-Premier League,2526,2025-12-27 Brentford-Bournemouth,1,2025,28949,2025-12-27 15:00:00,244,73,Brentford,Bournemouth,BOU,BRE,3,1.5703,4,2.8513,2.8513,0.2894700000000001,8.3,9,0,1.1932,1,2.56183,2.56183,-0.2894700000000001,6.866666666666666,5
ENG-Premier League,2526,2025-12-27 Burnley-Everton,1,2025,28950,2025-12-27 15:00:00,92,72,Burnley,Everton,EVE,BUR,1,1.3078,0,1.24948,1.24948,-0.0025600000000001177,8.428571428571429,4,1,1.3984,0,1.25204,1.25204,0.0025600000000001177,11.619047619047619,6
ENG-Premier League,2526,2025-12-27 Chelsea-Aston Villa,1,2025,28951,2025-12-27 17:30:00,80,71,Chelsea,Aston Villa,AVL,CHE,0,1.2811,1,1.97155,1.97155,-0.0876300000000001,4.794871794871795,11,3,1.444,2,2.05918,2.05918,0.0876300000000001,40.57142857142857,6
ENG-Premier League,2526,2025-12-27 Liverpool-Wolverhampton Wanderers,1,2025,28953,2025-12-27 15:00:00,87,229,Liverpool,Wolverhampton Wanderers,WOL,LIV,3,2.0151,2,1.56502,1.56502,0.784356,7.434782608695652,12,0,0.6966,1,0.780664,0.780664,-0.784356,13.409090909090908,2
ENG-Premier League,2526,2025-12-27 Nottingham Forest-Manchester City,1,2025,28955,2025-12-27 12:30:00,249,88,Nottingham Forest,Manchester City,MCI,NOT,0,0.655,1,0.600141,0.600141,-0.864539,18.6875,4,3,2.0779,2,1.46468,1.46468,0.864539,6.476190476190476,11
ENG-Premier League,2526,2025-12-27 West Ham-Fulham,1,2025,28957,2025-12-27 15:00:00,81,228,West Ham,Fulham,FLH,WHU,0,1.3638,0,1.13719,1.13719,0.022829999999999906,12.35,11,3,1.3251,1,1.11436,1.11436,-0.022829999999999906,10.0,5
ENG-Premier League,2526,2025-12-28 Crystal Palace-Tottenham,1,2025,28952,2025-12-28 16:30:00,78,82,Crystal Palace,Tottenham,TOT,CRY,0,1.3204,0,0.929681,0.929681,0.05891299999999999,7.260869565217392,16,3,1.3333000000000002,1,0.870768,0.870768,-0.05891299999999999,33.111111111111114,6
ENG-Premier League,2526,2025-12-28 Sunderland-Leeds,1,2025,28956,2025-12-28 14:00:00,77,245,Sunderland,Leeds,LED,SUN,1,0.30510000000000004,1,0.805957,0.805957,-1.8005729999999998,20.333333333333332,5,1,2.5662,1,2.60653,2.60653,1.8005729999999998,9.863636363636363,16
ENG-Premier League,2526,2025-12-30 Arsenal-Aston Villa,1,2025,28958,2025-12-30 20:15:00,83,71,Arsenal,Aston Villa,AVL,ARS,3,2.2514,4,4.41335,4.41335,1.4714000000000005,8.451612903225806,8,0,0.5795,1,2.94195,2.94195,-1.4714000000000005,21.375,4
ENG-Premier League,2526,2025-12-30 Burnley-Newcastle United,1,2025,28960,2025-12-30 19:30:00,92,86,Burnley,Newcastle United,NEW,BUR,0,0.583,1,1.32551,1.32551,-1.16697,12.26086956521739,11,3,2.2210000000000005,3,2.49248,2.49248,1.16697,11.5,7
ENG-Premier League,2526,2025-12-30 Chelsea-Bournemouth,1,2025,28961,2025-12-30 19:30:00,80,73,Chelsea,Bournemouth,BOU,CHE,1,0.6411,2,2.33294,1.57177,-1.9196500000000003,4.958333333333333,10,1,2.1684,2,3.49142,3.49142,1.9196500000000003,15.8125,8
ENG-Premier League,2526,2025-12-30 Manchester United-Wolverhampton Wanderers,1,2025,28964,2025-12-30 20:15:00,89,229,Manchester United,Wolverhampton Wanderers,WOL,MUN,1,1.2485,1,1.13306,1.13306,-0.08478000000000008,7.666666666666667,6,1,1.4411,1,1.21784,1.21784,0.08478000000000008,17.41176470588235,7
ENG-Premier League,2526,2025-12-30 Nottingham Forest-Everton,1,2025,28965,2025-12-30 19:30:00,249,72,Nottingham Forest,Everton,EVE,NOT,0,1.3967,0,1.75445,1.75445,0.05920000000000014,5.555555555555555,16,3,1.3394,2,1.69525,1.69525,-0.05920000000000014,13.434782608695652,4
ENG-Premier League,2526,2025-12-30 West Ham-Brighton,1,2025,28967,2025-12-30 19:30:00,81,220,West Ham,Brighton,BRI,WHU,1,0.8082,2,2.27644,1.51527,-0.05154000000000014,14.523809523809524,5,1,1.9821,2,3.08914,1.56681,0.05154000000000014,6.846153846153846,5
ENG-Premier League,2526,2026-01-01 Brentford-Tottenham,1,2025,28959,2026-01-01 20:00:00,244,82,Brentford,Tottenham,TOT,BRE,1,1.2242,0,0.556304,0.556304,-0.05200499999999997,7.607142857142857,3,1,1.3421,0,0.608309,0.608309,0.05200499999999997,18.9375,7
ENG-Premier League,2526,2026-01-01 Crystal Palace-Fulham,1,2025,28962,2026-01-01 17:30:00,78,228,Crystal Palace,Fulham,FLH,CRY,1,1.8459999999999999,1,2.35346,2.35346,0.5991200000000001,25.76923076923077,10,1,0.9235000000000001,1,1.75434,1.75434,-0.5991200000000001,8.12,9
ENG-Premier League,2526,2026-01-01 Liverpool-Leeds,1,2025,28963,2026-01-01 17:30:00,87,245,Liverpool,Leeds,LED,LIV,1,2.6571000000000002,0,1.67833,1.67833,1.5189700000000002,6.521739130434782,10,1,0.1995,0,0.15936,0.15936,-1.5189700000000002,17.5,1
ENG-Premier League,2526,2026-01-01 Sunderland-Manchester City,1,2025,28966,2026-01-01 20:00:00,77,88,Sunderland,Manchester City,MCI,SUN,1,0.4552,0,0.962141,0.962141,-1.4803290000000002,8.54054054054054,5,1,2.3851,0,2.44247,2.44247,1.4803290000000002,5.6923076923076925,17
ENG-Premier League,2526,2026-01-03 Aston Villa-Nottingham Forest,1,2025,28972,2026-01-03 12:30:00,71,249,Aston Villa,Nottingham Forest,NOT,AVL,3,1.8039999999999998,3,1.42988,1.42988,0.53168,4.03030303030303,20,0,0.9106,1,0.8982,0.8982,-0.53168,14.608695652173912,3
ENG-Premier League,2526,2026-01-03 Bournemouth-Arsenal,1,2025,28971,2026-01-03 17:30:00,73,83,Bournemouth,Arsenal,ARS,BOU,0,1.0641,2,0.947846,0.947846,-0.33215400000000006,15.625,4,3,1.6371,3,1.28,1.28,0.33215400000000006,7.954545454545454,9
ENG-Premier League,2526,2026-01-03 Brighton-Burnley,1,2025,28973,2026-01-03 15:00:00,220,92,Brighton,Burnley,BUR,BRI,3,2.3977,2,1.4717,1.4717,1.217149,12.263157894736842,6,0,0.37870000000000004,0,0.254551,0.254551,-1.217149,14.206896551724139,1
ENG-Premier League,2526,2026-01-03 Wolverhampton Wanderers-West Ham,1,2025,28970,2026-01-03 15:00:00,229,81,Wolverhampton Wanderers,West Ham,WHU,WOL,3,2.8108000000000004,3,2.23925,1.47808,1.242402,28.0,2,0,0.1111,0,0.235678,0.235678,-1.242402,5.21875,6
ENG-Premier League,2526,2026-01-04 Everton-Brentford,1,2025,28974,2026-01-04 15:00:00,72,244,Everton,Brentford,BRE,EVE,0,0.2893,2,1.00566,1.00566,-2.04613,11.0,5,3,2.5972,4,3.05179,3.05179,2.04613,9.2,5
ENG-Premier League,2526,2026-01-04 Fulham-Liverpool,1,2025,28975,2026-01-04 15:00:00,228,87,Fulham,Liverpool,LIV,FLH,1,0.5047999999999999,2,0.609182,0.609182,-1.1096180000000002,18.666666666666668,4,1,2.2775,2,1.7188,1.7188,1.1096180000000002,20.285714285714285,8
ENG-Premier League,2526,2026-01-04 Leeds-Manchester United,1,2025,28976,2026-01-04 12:30:00,245,89,Leeds,Manchester United,MUN,LED,1,0.6536000000000001,1,0.970138,0.970138,-0.9776720000000001,8.82857142857143,11,1,2.1113,1,1.94781,1.94781,0.9776720000000001,10.5,8
ENG-Premier League,2526,2026-01-04 Manchester City-Chelsea,1,2025,28977,2026-01-04 17:30:00,88,80,Manchester City,Chelsea,CHE,MCI,1,0.5465,1,1.03049,1.03049,-1.00677,8.212121212121213,7,1,2.2523,1,2.03726,2.03726,1.00677,13.16,2
ENG-Premier League,2526,2026-01-04 Newcastle United-Crystal Palace,1,2025,28968,2026-01-04 15:00:00,86,78,Newcastle United,Crystal Palace,CRY,NEW,3,2.412,2,2.72764,2.72764,1.44939,9.1875,10,0,0.4227,0,1.27825,1.27825,-1.44939,9.266666666666667,9
ENG-Premier League,2526,2026-01-04 Tottenham-Sunderland,1,2025,28969,2026-01-04 15:00:00,82,77,Tottenham,Sunderland,SUN,TOT,1,2.3072,1,1.4175,1.4175,0.950019,7.407407407407407,9,1,0.4607,1,0.467481,0.467481,-0.950019,8.25,9
ENG-Premier League,2526,2026-01-06 West Ham-Nottingham Forest,1,2025,28987,2026-01-06 20:00:00,81,249,West Ham,Nottingham Forest,NOT,WHU,0,1.7281999999999997,1,1.73697,1.73697,1.231304,9.947368421052632,7,3,0.9863,2,1.26683,0.505666,-1.231304,12.0,8
ENG-Premier League,2526,2026-01-07 Bournemouth-Tottenham,1,2025,28979,2026-01-07 19:30:00,73,82,Bournemouth,Tottenham,TOT,BOU,3,1.0072,3,1.19014,1.19014,-0.4359600000000001,9.071428571428571,4,0,1.7059,2,1.6261,1.6261,0.4359600000000001,9.222222222222221,8
ENG-Premier League,2526,2026-01-07 Brentford-Sunderland,1,2025,28981,2026-01-07 19:30:00,244,77,Brentford,Sunderland,SUN,BRE,3,2.7173,3,3.86096,3.86096,3.115687,14.1875,13,0,0.1961,0,1.50644,0.745273,-3.115687,10.631578947368421,5
ENG-Premier League,2526,2026-01-07 Burnley-Manchester United,1,2025,28982,2026-01-07 20:15:00,92,89,Burnley,Manchester United,MUN,BUR,1,0.1727,2,0.31971,0.31971,-2.20517,11.807692307692308,1,1,2.7248,2,2.52488,2.52488,2.20517,8.333333333333334,13
ENG-Premier League,2526,2026-01-07 Crystal Palace-Aston Villa,1,2025,28983,2026-01-07 19:30:00,78,71,Crystal Palace,Aston Villa,AVL,CRY,1,0.8117,0,1.32505,1.32505,-0.7450999999999999,19.333333333333332,8,1,1.9556,0,2.07015,2.07015,0.7450999999999999,13.466666666666667,10
ENG-Premier League,2526,2026-01-07 Everton-Wolverhampton Wanderers,1,2025,28978,2026-01-07 19:30:00,72,229,Everton,Wolverhampton Wanderers,WOL,EVE,1,2.1634,1,1.63321,1.63321,0.9199200000000001,10.208333333333334,2,1,0.6043000000000001,1,0.71329,0.71329,-0.9199200000000001,10.526315789473685,5
ENG-Premier League,2526,2026-01-07 Fulham-Chelsea,1,2025,28984,2026-01-07 19:30:00,228,80,Fulham,Chelsea,CHE,FLH,3,0.47419999999999995,2,1.06013,1.06013,-1.39094,10.592592592592593,15,0,2.3612,1,2.45107,2.45107,1.39094,12.608695652173912,5
ENG-Premier League,2526,2026-01-07 Manchester City-Brighton,1,2025,28985,2026-01-07 19:30:00,88,220,Manchester City,Brighton,BRI,MCI,1,2.4293,1,2.95904,2.19787,0.86625,9.592592592592593,13,1,0.41,1,1.33162,1.33162,-0.86625,12.4,1
ENG-Premier League,2526,2026-01-07 Newcastle United-Leeds,1,2025,28986,2026-01-07 20:15:00,86,245,Newcastle United,Leeds,LED,NEW,3,1.4559000000000002,4,2.43495,1.67378,0.08177000000000012,8.15,8,0,1.2912,3,2.35318,1.59201,-0.08177000000000012,10.933333333333334,5
ENG-Premier League,2526,2026-01-08 Arsenal-Liverpool,1,2025,28980,2026-01-08 20:00:00,83,87,Arsenal,Liverpool,LIV,ARS,1,1.6844,0,0.701832,0.701832,0.38319000000000003,13.380952380952381,10,1,0.8744000000000001,0,0.318642,0.318642,-0.38319000000000003,19.181818181818183,0
ENG-Premier League,2526,2026-01-17 Chelsea-Brentford,1,2025,28990,2026-01-17 15:00:00,80,244,Chelsea,Brentford,BRE,CHE,3,1.5375999999999999,2,1.62263,0.861461,-0.6137489999999999,17.941176470588236,1,0,1.1815,0,1.47521,1.47521,0.6137489999999999,10.538461538461538,9
ENG-Premier League,2526,2026-01-17 Leeds-Fulham,1,2025,28991,2026-01-17 15:00:00,245,228,Leeds,Fulham,FLH,LED,3,2.7083,1,2.16898,2.16898,1.9101839999999999,17.157894736842106,5,0,0.1754,0,0.258796,0.258796,-1.9101839999999999,11.8,4
ENG-Premier League,2526,2026-01-17 Liverpool-Burnley,1,2025,28992,2026-01-17 15:00:00,87,92,Liverpool,Burnley,BUR,LIV,1,2.8823000000000003,1,3.49045,2.72928,2.182309,6.9411764705882355,27,1,0.0767,1,0.546971,0.546971,-2.182309,16.58823529411765,5
ENG-Premier League,2526,2026-01-17 Manchester United-Manchester City,1,2025,28993,2026-01-17 12:30:00,89,88,Manchester United,Manchester City,MCI,MUN,3,2.8665000000000003,2,3.07278,3.07278,2.685765,15.85,4,0,0.08460000000000001,0,0.387015,0.387015,-2.685765,6.571428571428571,11
ENG-Premier League,2526,2026-01-17 Nottingham Forest-Arsenal,1,2025,28994,2026-01-17 17:30:00,249,83,Nottingham Forest,Arsenal,ARS,NOT,1,0.0732,0,0.318481,0.318481,-2.5447490000000004,31.555555555555557,5,1,2.8794,0,2.86323,2.86323,2.5447490000000004,6.3,12
ENG-Premier League,2526,2026-01-17 Sunderland-Crystal Palace,1,2025,28995,2026-01-17 15:00:00,77,78,Sunderland,Crystal Palace,CRY,SUN,3,1.9298,2,1.84601,1.84601,0.6943199999999998,8.157894736842104,2,0,0.8102,1,1.15169,1.15169,-0.6943199999999998,12.15,2
ENG-Premier League,2526,2026-01-17 Tottenham-West Ham,1,2025,28996,2026-01-17 15:00:00,82,81,Tottenham,West Ham,WHU,TOT,0,0.6295,1,1.65292,1.65292,-1.11469,5.793103448275862,11,3,2.1685,2,2.76761,2.76761,1.11469,12.05,3
ENG-Premier League,2526,2026-01-18 Aston Villa-Everton,1,2025,28988,2026-01-18 16:30:00,71,72,Aston Villa,Everton,EVE,AVL,0,1.4266999999999999,0,0.905393,0.905393,0.15953399999999995,7.894736842105263,10,3,1.2161,1,0.745859,0.745859,-0.15953399999999995,11.25,3
ENG-Premier League,2526,2026-01-18 Wolverhampton Wanderers-Newcastle United,1,2025,28997,2026-01-18 14:00:00,229,86,Wolverhampton Wanderers,Newcastle United,NEW,WOL,1,0.8858999999999999,0,0.390216,0.390216,-0.42309699999999995,25.0,5,1,1.7229,0,0.813313,0.813313,0.42309699999999995,7.6,7
ENG-Premier League,2526,2026-01-19 Brighton-Bournemouth,1,2025,28989,2026-01-19 20:00:00,220,73,Brighton,Bournemouth,BOU,BRI,1,0.78,1,0.995777,0.995777,0.05957299999999999,6.65,8,1,1.9743000000000002,1,1.69737,0.936204,-0.05957299999999999,22.384615384615383,7
ENG-Premier League,2526,2026-01-24 Bournemouth-Liverpool,1,2025,28998,2026-01-24 17:30:00,73,87,Bournemouth,Liverpool,LIV,BOU,3,2.7662,3,3.31474,3.31474,2.377405,34.0,7,0,0.1613,2,0.937335,0.937335,-2.377405,9.875,18
ENG-Premier League,2526,2026-01-24 Burnley-Tottenham,1,2025,29001,2026-01-24 15:00:00,92,82,Burnley,Tottenham,TOT,BUR,1,0.6716,2,1.54884,1.54884,-1.0420900000000002,11.724137931034482,5,1,2.1158,2,2.59093,2.59093,1.0420900000000002,7.518518518518518,4
ENG-Premier League,2526,2026-01-24 Fulham-Brighton,1,2025,29004,2026-01-24 15:00:00,228,220,Fulham,Brighton,BRI,FLH,3,0.7442,2,1.13243,1.13243,-0.81409,17.529411764705884,7,0,2.0177,1,1.94652,1.94652,0.81409,13.652173913043478,6
ENG-Premier League,2526,2026-01-24 Manchester City-Wolverhampton Wanderers,1,2025,29005,2026-01-24 15:00:00,88,229,Manchester City,Wolverhampton Wanderers,WOL,MCI,3,1.8209,2,1.0654,1.0654,0.5227169999999999,5.923076923076923,10,0,0.8474,0,0.542683,0.542683,-0.5227169999999999,20.61111111111111,2
ENG-Premier League,2526,2026-01-24 West Ham-Sunderland,1,2025,29007,2026-01-24 12:30:00,81,77,West Ham,Sunderland,SUN,WHU,3,2.4935,3,2.18675,1.42558,0.7117420000000001,13.944444444444445,5,0,0.344,1,0.713838,0.713838,-0.7117420000000001,8.590909090909092,1
ENG-Premier League,2526,2026-01-25 Arsenal-Manchester United,1,2025,28999,2026-01-25 16:30:00,83,89,Arsenal,Manchester United,MUN,ARS,0,2.0776,2,1.42411,1.42411,0.783208,8.608695652173912,12,3,0.6517,3,0.640902,0.640902,-0.783208,12.058823529411764,1
ENG-Premier League,2526,2026-01-25 Brentford-Nottingham Forest,1,2025,29000,2026-01-25 14:00:00,244,249,Brentford,Nottingham Forest,NOT,BRE,0,1.9017999999999997,0,2.00413,2.00413,0.6145499999999999,5.3076923076923075,13,3,0.8089,2,1.38958,1.38958,-0.6145499999999999,17.0,3
ENG-Premier League,2526,2026-01-25 Crystal Palace-Chelsea,1,2025,29002,2026-01-25 14:00:00,78,80,Crystal Palace,Chelsea,CHE,CRY,0,0.9526,1,2.41793,2.41793,0.09093000000000018,17.416666666666668,5,3,1.8348999999999998,3,3.08817,2.327,-0.09093000000000018,9.307692307692308,4
ENG-Premier League,2526,2026-01-25 Newcastle United-Aston Villa,1,2025,29006,2026-01-25 14:00:00,86,71,Newcastle United,Aston Villa,AVL,NEW,0,1.8803999999999998,0,1.95484,1.95484,0.6334099999999998,6.545454545454546,4,3,0.8787,2,1.32143,1.32143,-0.6334099999999998,11.291666666666666,6
ENG-Premier League,2526,2026-01-26 Everton-Leeds,1,2025,29003,2026-01-26 20:00:00,72,245,Everton,Leeds,LED,EVE,1,0.7228,1,0.889916,0.889916,-0.786684,12.777777777777779,6,1,2.0182,1,1.6766,1.6766,0.786684,10.272727272727273,7
ENG-Premier League,2526,2026-01-31 Brighton-Everton,1,2025,29010,2026-01-31 15:00:00,220,72,Brighton,Everton,EVE,BRI,1,1.4662,1,1.42825,1.42825,0.14698999999999995,7.333333333333333,9,1,1.234,1,1.28126,1.28126,-0.14698999999999995,16.555555555555557,7
ENG-Premier League,2526,2026-01-31 Chelsea-West Ham,1,2025,29009,2026-01-31 17:30:00,80,81,Chelsea,West Ham,WHU,CHE,3,2.058,3,2.66133,2.66133,0.9354799999999999,5.038461538461538,6,0,0.7209,2,1.72585,1.72585,-0.9354799999999999,32.333333333333336,6
ENG-Premier League,2526,2026-01-31 Leeds-Arsenal,1,2025,29015,2026-01-31 15:00:00,245,83,Leeds,Arsenal,ARS,LED,0,0.0267,0,0.17871,0.17871,-3.36556,9.590909090909092,1,3,2.9532,4,3.54427,3.54427,3.36556,12.210526315789474,6
ENG-Premier League,2526,2026-01-31 Liverpool-Newcastle United,1,2025,29014,2026-01-31 20:00:00,87,86,Liverpool,Newcastle United,NEW,LIV,3,2.8832,4,3.09973,3.09973,2.815411,10.052631578947368,11,0,0.07250000000000001,1,0.284319,0.284319,-2.815411,17.083333333333332,6
ENG-Premier League,2526,2026-01-31 Wolverhampton Wanderers-Bournemouth,1,2025,29017,2026-01-31 15:00:00,229,73,Wolverhampton Wanderers,Bournemouth,BOU,WOL,0,1.7312,0,2.10353,2.10353,0.5123700000000002,13.571428571428571,5,3,1.0088,2,1.59116,1.59116,-0.5123700000000002,12.208333333333334,4
ENG-Premier League,2526,2026-02-01 Aston Villa-Brentford,1,2025,29008,2026-02-01 14:00:00,71,244,Aston Villa,Brentford,BRE,AVL,0,2.6269,0,2.15316,2.15316,1.8382440000000002,8.625,20,3,0.2368,1,0.314916,0.314916,-1.8382440000000002,18.23076923076923,2
ENG-Premier League,2526,2026-02-01 Manchester United-Fulham,1,2025,29012,2026-02-01 14:00:00,89,228,Manchester United,Fulham,FLH,MUN,3,1.4507999999999999,3,1.84362,1.84362,0.88481,19.352941176470587,7,0,1.2828,2,1.71998,0.95881,-0.88481,11.842105263157896,7
ENG-Premier League,2526,2026-02-01 Nottingham Forest-Crystal Palace,1,2025,29013,2026-02-01 14:00:00,249,78,Nottingham Forest,Crystal Palace,CRY,NOT,1,0.8073,1,0.987254,0.987254,0.10042799999999996,34.75,3,1,1.9155000000000002,1,1.648,0.886826,-0.10042799999999996,4.645161290322581,10
ENG-Premier League,2526,2026-02-01 Tottenham-Manchester City,1,2025,29016,2026-02-01 16:30:00,82,88,Tottenham,Manchester City,MCI,TOT,1,0.992,2,1.49738,1.49738,-0.5387600000000001,11.633333333333333,10,1,1.7692999999999999,2,2.03614,2.03614,0.5387600000000001,9.6,7
ENG-Premier League,2526,2026-02-02 Sunderland-Burnley,1,2025,29011,2026-02-02 20:00:00,77,92,Sunderland,Burnley,BUR,SUN,3,2.7438,3,1.8865,1.8865,1.760129,19.666666666666668,7,0,0.14429999999999998,0,0.126371,0.126371,-1.760129,10.695652173913043,2
ENG-Premier League,2526,2026-02-06 Leeds-Nottingham Forest,1,2025,29023,2026-02-06 20:00:00,245,249,Leeds,Nottingham Forest,NOT,LED,3,2.4720999999999997,3,3.38179,3.38179,1.72099,9.15,10,0,0.388,1,1.6608,1.6608,-1.72099,21.5,6
ENG-Premier League,2526,2026-02-07 Arsenal-Sunderland,1,2025,29019,2026-02-07 15:00:00,83,77,Arsenal,Sunderland,SUN,ARS,3,2.0242999999999998,3,1.19401,1.19401,0.766785,9.076923076923077,9,0,0.6584,0,0.427225,0.427225,-0.766785,13.714285714285714,1
ENG-Premier League,2526,2026-02-07 Bournemouth-Aston Villa,1,2025,29018,2026-02-07 15:00:00,73,71,Bournemouth,Aston Villa,AVL,BOU,1,2.2787999999999995,1,1.82646,1.82646,1.179964,11.941176470588236,6,1,0.5115,1,0.646496,0.646496,-1.179964,13.588235294117647,8
ENG-Premier League,2526,2026-02-07 Burnley-West Ham,1,2025,29021,2026-02-07 15:00:00,92,81,Burnley,West Ham,WHU,BUR,0,1.9272,0,1.84644,1.84644,0.72414,11.434782608695652,6,3,0.8090999999999999,2,1.1223,1.1223,-0.72414,14.466666666666667,4
ENG-Premier League,2526,2026-02-07 Fulham-Everton,1,2025,29022,2026-02-07 15:00:00,228,72,Fulham,Everton,EVE,FLH,0,1.5973000000000002,1,2.20126,2.20126,0.31348,12.823529411764707,11,3,1.1731,2,1.88778,1.88778,-0.31348,12.727272727272727,6
ENG-Premier League,2526,2026-02-07 Manchester United-Tottenham,1,2025,29025,2026-02-07 12:30:00,89,82,Manchester United,Tottenham,TOT,MUN,3,2.4863,2,2.16576,2.16576,1.572356,8.954545454545455,18,0,0.35509999999999997,0,0.593404,0.593404,-1.572356,20.2,8
ENG-Premier League,2526,2026-02-07 Newcastle United-Brentford,1,2025,29026,2026-02-07 17:30:00,86,244,Newcastle United,Brentford,BRE,NEW,0,2.4699999999999998,2,3.3215,2.56033,1.6712820000000002,17.333333333333332,8,3,0.3922,3,1.65022,0.889048,-1.6712820000000002,11.05,11
ENG-Premier League,2526,2026-02-07 Wolverhampton Wanderers-Chelsea,1,2025,29027,2026-02-07 15:00:00,229,80,Wolverhampton Wanderers,Chelsea,CHE,WOL,0,0.1347,1,1.11372,1.11372,-1.12672,34.6,6,3,2.8028999999999997,3,3.76278,2.24044,1.12672,9.48,10
ENG-Premier League,2526,2026-02-08 Brighton-Crystal Palace,1,2025,29020,2026-02-08 14:00:00,220,78,Brighton,Crystal Palace,CRY,BRI,0,1.1303,0,0.737798,0.737798,-0.19060600000000005,7.571428571428571,3,3,1.5053,1,0.928404,0.928404,0.19060600000000005,20.444444444444443,6
ENG-Premier League,2526,2026-02-08 Liverpool-Manchester City,1,2025,29024,2026-02-08 16:30:00,87,88,Liverpool,Manchester City,MCI,LIV,0,0.5914999999999999,1,1.26652,1.26652,-0.3870699999999998,19.666666666666668,8,3,2.2124,2,2.41476,1.65359,0.3870699999999998,7.44,12
ENG-Premier League,2526,2026-02-10 Chelsea-Leeds,1,2025,29030,2026-02-10 19:30:00,80,245,Chelsea,Leeds,LED,CHE,1,2.6114,2,3.21176,2.45059,1.922277,10.4,9,1,0.25880000000000003,2,1.28948,0.528313,-1.922277,24.764705882352942,2
ENG-Premier League,2526,2026-02-10 Everton-Bournemouth,1,2025,29032,2026-02-10 19:30:00,72,73,Everton,Bournemouth,BOU,EVE,0,2.0488,1,2.33114,1.56997,0.15787000000000018,8.4,5,3,0.7162,2,1.4121,1.4121,-0.15787000000000018,13.0,5
ENG-Premier League,2526,2026-02-10 Tottenham-Newcastle United,1,2025,29036,2026-02-10 19:30:00,82,86,Tottenham,Newcastle United,NEW,TOT,0,0.8519,1,1.68925,1.68925,-0.7806600000000001,7.363636363636363,9,3,1.9274,2,2.46991,2.46991,0.7806600000000001,8.407407407407407,11
ENG-Premier League,2526,2026-02-10 West Ham-Manchester United,1,2025,29037,2026-02-10 20:15:00,81,89,West Ham,Manchester United,MUN,WHU,1,1.909,1,1.30746,1.30746,0.5716930000000001,15.714285714285714,1,1,0.7972000000000001,1,0.735767,0.735767,-0.5716930000000001,10.666666666666666,5
ENG-Premier League,2526,2026-02-11 Aston Villa-Brighton,1,2025,29028,2026-02-11 19:30:00,71,220,Aston Villa,Brighton,BRI,AVL,3,1.3666,1,0.576138,0.576138,0.09483200000000003,16.142857142857142,10,0,1.186,0,0.481306,0.481306,-0.09483200000000003,8.379310344827585,5
ENG-Premier League,2526,2026-02-11 Crystal Palace-Burnley,1,2025,29031,2026-02-11 19:30:00,78,92,Crystal Palace,Burnley,BUR,CRY,0,2.3823,2,2.1276,2.1276,1.4363270000000001,7.684210526315789,15,3,0.4368,3,0.691273,0.691273,-1.4363270000000001,18.705882352941178,5
ENG-Premier League,2526,2026-02-11 Manchester City-Fulham,1,2025,29033,2026-02-11 19:30:00,88,228,Manchester City,Fulham,FLH,MCI,3,1.8575,3,1.67722,1.67722,0.62439,14.571428571428571,5,0,0.8878999999999999,0,1.05283,1.05283,-0.62439,17.476190476190474,3
ENG-Premier League,2526,2026-02-11 Nottingham Forest-Wolverhampton Wanderers,1,2025,29034,2026-02-11 19:30:00,249,229,Nottingham Forest,Wolverhampton Wanderers,WOL,NOT,1,2.9376,0,3.69094,3.69094,3.283981,7.181818181818182,13,1,0.0375,0,0.406959,0.406959,-3.283981,9.916666666666666,2
ENG-Premier League,2526,2026-02-11 Sunderland-Liverpool,1,2025,29035,2026-02-11 20:15:00,77,87,Sunderland,Liverpool,LIV,SUN,0,0.1827,0,0.693794,0.693794,-2.3879259999999998,11.421052631578947,8,3,2.7369,1,3.08172,3.08172,2.3879259999999998,9.857142857142858,10
ENG-Premier League,2526,2026-02-12 Brentford-Arsenal,1,2025,29029,2026-02-12 20:00:00,244,83,Brentford,Arsenal,ARS,BRE,1,2.1405000000000003,1,1.81154,1.81154,1.0273599999999998,9.523809523809524,5,1,0.6291,1,0.78418,0.78418,-1.0273599999999998,8.090909090909092,9
ENG-Premier League,2526,2026-02-18 Wolverhampton Wanderers-Arsenal,1,2025,29087,2026-02-18 20:00:00,229,83,Wolverhampton Wanderers,Arsenal,ARS,WOL,1,0.1297,2,0.173119,0.173119,-1.837061,11.444444444444445,4,1,2.7840999999999996,2,2.01018,2.01018,1.837061,8.208333333333334,5
ENG-Premier League,2526,2026-02-21 Aston Villa-Leeds,1,2025,29038,2026-02-21 15:00:00,71,245,Aston Villa,Leeds,LED,AVL,1,1.3373,1,1.25439,1.25439,-0.02416000000000018,5.333333333333333,11,1,1.3724,1,1.27855,1.27855,0.02416000000000018,9.88,3
ENG-Premier League,2526,2026-02-21 Brentford-Brighton,1,2025,29039,2026-02-21 15:00:00,244,220,Brentford,Brighton,BRI,BRE,0,1.6272,0,1.69023,1.69023,0.3181999999999998,15.307692307692308,8,3,1.0887,2,1.37203,1.37203,-0.3181999999999998,9.037037037037036,5
ENG-Premier League,2526,2026-02-21 Chelsea-Burnley,1,2025,29040,2026-02-21 15:00:00,80,92,Chelsea,Burnley,BUR,CHE,1,2.4515,1,2.51534,2.51534,1.50279,7.681818181818182,12,1,0.38570000000000004,1,1.01255,1.01255,-1.50279,15.631578947368421,4
ENG-Premier League,2526,2026-02-21 Manchester City-Newcastle United,1,2025,29043,2026-02-21 20:00:00,88,86,Manchester City,Newcastle United,NEW,MCI,3,2.5799000000000003,2,2.22648,2.22648,1.718526,9.565217391304348,11,0,0.28280000000000005,1,0.507954,0.507954,-1.718526,8.192307692307692,1
ENG-Premier League,2526,2026-02-21 West Ham-Bournemouth,1,2025,29047,2026-02-21 17:30:00,81,73,West Ham,Bournemouth,BOU,WHU,1,2.6363999999999996,0,2.34412,2.34412,1.8213890000000004,12.454545454545455,8,1,0.24330000000000002,0,0.522731,0.522731,-1.8213890000000004,7.6521739130434785,3
ENG-Premier League,2526,2026-02-22 Crystal Palace-Wolverhampton Wanderers,1,2025,29041,2026-02-22 14:00:00,78,229,Crystal Palace,Wolverhampton Wanderers,WOL,CRY,3,1.6461000000000001,1,2.03559,2.03559,1.119271,6.05,4,0,1.0848,0,1.67749,0.916319,-1.119271,10.0,5
ENG-Premier League,2526,2026-02-22 Nottingham Forest-Liverpool,1,2025,29044,2026-02-22 14:00:00,249,87,Nottingham Forest,Liverpool,LIV,NOT,0,0.346,0,0.934768,0.934768,-1.4615719999999999,10.6,2,3,2.5054,1,2.39634,2.39634,1.4615719999999999,9.090909090909092,3
ENG-Premier League,2526,2026-02-22 Sunderland-Fulham,1,2025,29045,2026-02-22 14:00:00,77,228,Sunderland,Fulham,FLH,SUN,0,1.0548,1,1.7609,0.99973,-0.4060600000000001,16.416666666666668,16,3,1.6787999999999998,3,2.16696,1.40579,0.4060600000000001,12.047619047619047,8
ENG-Premier League,2526,2026-02-22 Tottenham-Arsenal,1,2025,29046,2026-02-22 16:30:00,82,83,Tottenham,Arsenal,ARS,TOT,0,0.0665,1,0.383264,0.383264,-2.9337459999999997,7.464285714285714,0,3,2.8933999999999997,4,3.31701,3.31701,2.9337459999999997,5.733333333333333,9
ENG-Premier League,2526,2026-02-23 Everton-Manchester United,1,2025,29042,2026-02-23 20:00:00,72,89,Everton,Manchester United,MUN,EVE,0,0.5678,0,0.560924,0.560924,-0.8937760000000001,10.958333333333334,6,3,2.1872,1,1.4547,1.4547,0.8937760000000001,13.833333333333334,5
ENG-Premier League,2526,2026-02-27 Wolverhampton Wanderers-Aston Villa,1,2025,29057,2026-02-27 20:00:00,229,71,Wolverhampton Wanderers,Aston Villa,AVL,WOL,3,1.5504999999999998,2,1.50771,1.50771,0.1944300000000001,17.105263157894736,1,0,1.1668,0,1.31328,1.31328,-0.1944300000000001,5.333333333333333,7
ENG-Premier League,2526,2026-02-28 Bournemouth-Sunderland,1,2025,29048,2026-02-28 12:30:00,73,77,Bournemouth,Sunderland,SUN,BOU,1,1.9301000000000001,1,1.82434,1.82434,0.7454700000000001,4.777777777777778,9,1,0.8050999999999999,1,1.07887,1.07887,-0.7454700000000001,5.911764705882353,1
ENG-Premier League,2526,2026-02-28 Burnley-Brentford,1,2025,29051,2026-02-28 15:00:00,92,244,Burnley,Brentford,BRE,BUR,0,0.3262,3,0.823824,0.823824,-1.6221259999999997,16.176470588235293,4,3,2.5303,4,2.44595,2.44595,1.6221259999999997,6.555555555555555,9
ENG-Premier League,2526,2026-02-28 Leeds-Manchester City,1,2025,29053,2026-02-28 17:30:00,245,88,Leeds,Manchester City,MCI,LED,0,0.6187,0,1.37824,1.37824,-1.0901,15.35,4,3,2.1835,1,2.46834,2.46834,1.0901,17.0,6
ENG-Premier League,2526,2026-02-28 Liverpool-West Ham,1,2025,29054,2026-02-28 15:00:00,87,81,Liverpool,West Ham,WHU,LIV,3,1.8947,5,2.09939,2.09939,0.7476900000000002,9.416666666666666,14,0,0.8714,2,1.3517,1.3517,-0.7476900000000002,7.423076923076923,5
ENG-Premier League,2526,2026-02-28 Newcastle United-Everton,1,2025,29056,2026-02-28 15:00:00,86,72,Newcastle United,Everton,EVE,NEW,0,0.3415,2,1.11889,1.11889,-1.28842,4.866666666666666,13,3,2.4895,3,2.40731,2.40731,1.28842,16.0,4
ENG-Premier League,2526,2026-03-01 Arsenal-Chelsea,1,2025,29049,2026-03-01 16:30:00,83,80,Arsenal,Chelsea,CHE,ARS,3,1.6273,2,1.71598,1.71598,0.36329999999999996,15.181818181818182,10,0,1.0801,1,1.35268,1.35268,-0.36329999999999996,8.952380952380953,4
ENG-Premier League,2526,2026-03-01 Brighton-Nottingham Forest,1,2025,29050,2026-03-01 14:00:00,220,249,Brighton,Nottingham Forest,NOT,BRI,3,1.6604,2,1.20107,1.20107,0.37052000000000007,9.413793103448276,10,0,1.0361,1,0.83055,0.83055,-0.37052000000000007,14.904761904761905,2
ENG-Premier League,2526,2026-03-01 Fulham-Tottenham,1,2025,29052,2026-03-01 14:00:00,228,82,Fulham,Tottenham,TOT,FLH,3,2.3034999999999997,2,2.3207,2.3207,1.368609,10.476190476190476,12,0,0.5136999999999999,1,0.952091,0.952091,-1.368609,12.434782608695652,6
ENG-Premier League,2526,2026-03-01 Manchester United-Crystal Palace,1,2025,29055,2026-03-01 14:00:00,89,78,Manchester United,Crystal Palace,CRY,MUN,3,2.7323,2,2.34609,1.58492,1.200221,11.19047619047619,8,0,0.1676,1,0.384699,0.384699,-1.200221,14.857142857142858,5
ENG-Premier League,2526,2026-03-03 Bournemouth-Brentford,1,2025,29058,2026-03-03 19:30:00,73,244,Bournemouth,Brentford,BRE,BOU,1,2.5221,0,2.3177,2.3177,1.6443719999999997,10.416666666666666,12,1,0.3264,0,0.673328,0.673328,-1.6443719999999997,8.363636363636363,4
ENG-Premier League,2526,2026-03-03 Everton-Burnley,1,2025,29061,2026-03-03 19:30:00,72,92,Everton,Burnley,BUR,EVE,3,1.6492,2,1.15845,1.15845,0.39622099999999993,12.041666666666666,4,0,1.0072,0,0.762229,0.762229,-0.39622099999999993,14.238095238095237,2
ENG-Premier League,2526,2026-03-03 Leeds-Sunderland,1,2025,29063,2026-03-03 19:30:00,245,77,Leeds,Sunderland,SUN,LED,0,1.2505,0,0.888232,0.888232,0.8055444,3.962962962962963,7,3,1.3852,1,0.843856,0.0826876,-0.8055444,15.476190476190476,1
ENG-Premier League,2526,2026-03-03 Wolverhampton Wanderers-Liverpool,1,2025,29067,2026-03-03 20:15:00,229,87,Wolverhampton Wanderers,Liverpool,LIV,WOL,3,0.3412,2,0.636033,0.636033,-1.536137,22.357142857142858,1,0,2.4928,1,2.17217,2.17217,1.536137,7.142857142857143,10
ENG-Premier League,2526,2026-03-04 Aston Villa-Chelsea,1,2025,29059,2026-03-04 19:30:00,71,80,Aston Villa,Chelsea,CHE,AVL,0,0.1863,1,1.06854,1.06854,-2.32029,22.88888888888889,6,3,2.7303,4,3.38883,3.38883,2.32029,12.666666666666666,12
ENG-Premier League,2526,2026-03-04 Brighton-Arsenal,1,2025,29060,2026-03-04 19:30:00,220,83,Brighton,Arsenal,ARS,BRI,0,1.6939,0,0.919228,0.919228,0.40442500000000003,7.125,6,3,0.9373,1,0.514803,0.514803,-0.40442500000000003,12.142857142857142,3
ENG-Premier League,2526,2026-03-04 Fulham-West Ham,1,2025,29062,2026-03-04 19:30:00,228,81,Fulham,West Ham,WHU,FLH,0,0.6202,0,0.628123,0.628123,-0.867157,10.590909090909092,9,3,2.1376,1,1.49528,1.49528,0.867157,18.941176470588236,3
ENG-Premier League,2526,2026-03-04 Manchester City-Nottingham Forest,1,2025,29064,2026-03-04 19:30:00,88,249,Manchester City,Nottingham Forest,NOT,MCI,1,2.3648,2,2.72655,2.72655,1.49013,10.631578947368421,14,1,0.47,2,1.23642,1.23642,-1.49013,27.583333333333332,3
ENG-Premier League,2526,2026-03-04 Newcastle United-Manchester United,1,2025,29065,2026-03-04 20:15:00,86,89,Newcastle United,Manchester United,MUN,NEW,3,1.5363,2,1.96637,1.2052,-0.6005099999999999,8.62962962962963,8,0,1.2093,1,1.80571,1.80571,0.6005099999999999,6.821428571428571,11
ENG-Premier League,2526,2026-03-05 Tottenham-Crystal Palace,1,2025,29066,2026-03-05 20:00:00,82,78,Tottenham,Crystal Palace,CRY,TOT,0,0.8736999999999999,1,1.29615,1.29615,0.1421699999999999,13.857142857142858,3,3,1.8688,3,1.91515,1.15398,-0.1421699999999999,10.529411764705882,9
ENG-Premier League,2526,2026-03-14 Arsenal-Everton,1,2025,29068,2026-03-14 17:30:00,83,72,Arsenal,Everton,EVE,ARS,3,1.9309,2,1.90855,1.90855,0.7300800000000001,7.782608695652174,10,0,0.8188,0,1.17847,1.17847,-0.7300800000000001,15.666666666666666,1
ENG-Premier League,2526,2026-03-14 Burnley-Bournemouth,1,2025,29070,2026-03-14 15:00:00,92,73,Burnley,Bournemouth,BOU,BUR,1,0.9222,0,1.67695,1.67695,-0.6928400000000001,12.65,5,1,1.8564000000000003,0,2.36979,2.36979,0.6928400000000001,9.538461538461538,9
ENG-Premier League,2526,2026-03-14 Chelsea-Newcastle United,1,2025,29071,2026-03-14 17:30:00,80,86,Chelsea,Newcastle United,NEW,CHE,0,1.869,0,1.72508,1.72508,0.6925699999999999,10.647058823529411,12,3,0.8613,1,1.03251,1.03251,-0.6925699999999999,17.31578947368421,7
ENG-Premier League,2526,2026-03-14 Sunderland-Brighton,1,2025,29076,2026-03-14 15:00:00,77,220,Sunderland,Brighton,BRI,SUN,0,0.9139999999999999,0,0.659083,0.659083,-0.469237,20.076923076923077,9,3,1.7702000000000002,1,1.12832,1.12832,0.469237,8.68,12
ENG-Premier League,2526,2026-03-14 West Ham-Manchester City,1,2025,29077,2026-03-14 20:00:00,81,88,West Ham,Manchester City,MCI,WHU,1,0.3267,1,0.488982,0.488982,-1.4656179999999999,17.227272727272727,2,1,2.4822,1,1.9546,1.9546,1.4656179999999999,9.25,8
ENG-Premier League,2526,2026-03-15 Crystal Palace-Leeds,1,2025,29072,2026-03-15 14:00:00,78,245,Crystal Palace,Leeds,LED,CRY,1,0.6851,0,0.525205,0.525205,0.15079200000000004,8.166666666666666,2,1,2.0132,0,1.13558,0.374413,-0.15079200000000004,17.615384615384617,4
ENG-Premier League,2526,2026-03-15 Liverpool-Tottenham,1,2025,29073,2026-03-15 16:30:00,87,82,Liverpool,Tottenham,TOT,LIV,1,1.4429,1,1.30076,1.30076,0.14439999999999986,5.538461538461538,17,1,1.271,1,1.15636,1.15636,-0.14439999999999986,13.15,3
ENG-Premier League,2526,2026-03-15 Manchester United-Aston Villa,1,2025,29074,2026-03-15 14:00:00,89,71,Manchester United,Aston Villa,AVL,MUN,3,1.7202,3,1.67823,1.67823,0.46752000000000016,9.727272727272727,5,0,1.0158,1,1.21071,1.21071,-0.46752000000000016,17.333333333333332,10
ENG-Premier League,2526,2026-03-15 Nottingham Forest-Fulham,1,2025,29075,2026-03-15 14:00:00,249,228,Nottingham Forest,Fulham,FLH,NOT,1,1.1281999999999999,0,0.821011,0.821011,-0.112977,21.53846153846154,3,1,1.5091999999999999,0,0.933988,0.933988,0.112977,12.25,3
ENG-Premier League,2526,2026-03-16 Brentford-Wolverhampton Wanderers,1,2025,29069,2026-03-16 20:00:00,244,229,Brentford,Wolverhampton Wanderers,WOL,BRE,1,2.0722,2,2.7966,2.7966,0.9961600000000002,8.928571428571429,7,1,0.721,2,1.80044,1.80044,-0.9961600000000002,13.647058823529411,9
ENG-Premier League,2526,2026-03-20 Bournemouth-Manchester United,1,2025,29078,2026-03-20 20:00:00,73,89,Bournemouth,Manchester United,MUN,BOU,1,1.3639000000000001,2,1.76664,1.00547,0.020902000000000087,10.9,6,1,1.3522,2,1.74574,0.984568,-0.020902000000000087,12.095238095238095,8
ENG-Premier League,2526,2026-03-21 Brighton-Liverpool,1,2025,29080,2026-03-21 12:30:00,220,87,Brighton,Liverpool,LIV,BRI,3,2.7837,2,3.42956,3.42956,2.472759,11.5,7,0,0.14730000000000001,1,0.956801,0.956801,-2.472759,11.125,7
ENG-Premier League,2526,2026-03-21 Everton-Chelsea,1,2025,29081,2026-03-21 17:30:00,72,80,Everton,Chelsea,CHE,EVE,3,1.4251,3,1.44532,1.44532,0.09389000000000003,29.307692307692307,7,0,1.2955,0,1.35143,1.35143,-0.09389000000000003,11.833333333333334,9
ENG-Premier League,2526,2026-03-21 Fulham-Burnley,1,2025,29082,2026-03-21 15:00:00,228,92,Fulham,Burnley,BUR,FLH,3,2.3195,3,3.48438,2.72321,0.79765,16.133333333333333,16,0,0.5219,1,1.92556,1.92556,-0.79765,20.923076923076923,4
ENG-Premier League,2526,2026-03-21 Leeds-Brentford,1,2025,29083,2026-03-21 20:00:00,245,244,Leeds,Brentford,BRE,LED,1,1.3780000000000001,0,0.417296,0.417296,0.11507499999999998,8.818181818181818,9,1,1.0807,0,0.302221,0.302221,-0.11507499999999998,12.166666666666666,2
ENG-Premier League,2526,2026-03-22 Aston Villa-West Ham,1,2025,29079,2026-03-22 14:15:00,71,81,Aston Villa,West Ham,WHU,AVL,3,2.5688,2,2.48528,2.48528,1.725226,14.666666666666666,15,0,0.2996,0,0.760054,0.760054,-1.725226,15.529411764705882,5
ENG-Premier League,2526,2026-03-22 Newcastle United-Sunderland,1,2025,29085,2026-03-22 12:00:00,86,77,Newcastle United,Sunderland,SUN,NEW,0,0.5123,1,1.26705,1.26705,-1.39952,6.235294117647059,3,3,2.324,2,2.66657,2.66657,1.39952,11.045454545454545,10
ENG-Premier League,2526,2026-03-22 Tottenham-Nottingham Forest,1,2025,29086,2026-03-22 14:15:00,82,249,Tottenham,Nottingham Forest,NOT,TOT,0,1.3952000000000002,0,1.6189,1.6189,0.07482000000000011,6.071428571428571,4,3,1.325,3,1.54408,1.54408,-0.07482000000000011,9.84,3
ENG-Premier League,2526,2026-04-10 West Ham-Wolverhampton Wanderers,1,2025,29091,2026-04-10 19:00:00,81,229,West Ham,Wolverhampton Wanderers,WOL,WHU,3,2.644,4,2.54379,2.54379,1.971823,13.55,7,0,0.2434,0,0.571967,0.571967,-1.971823,9.333333333333334,4
ENG-Premier League,2526,2026-04-11 Arsenal-Bournemouth,1,2025,29092,2026-04-11 11:30:00,83,73,Arsenal,Bournemouth,BOU,ARS,0,2.5960000000000005,1,3.16346,2.40229,1.00768,9.304347826086957,5,3,0.2743,2,1.39461,1.39461,-1.00768,8.0,5
ENG-Premier League,2526,2026-04-11 Brentford-Everton,1,2025,29093,2026-04-11 14:00:00,244,72,Brentford,Everton,EVE,BRE,1,1.8637,2,2.26302,1.50185,-0.0684800000000001,10.944444444444445,5,1,0.8997999999999999,2,1.57033,1.57033,0.0684800000000001,10.782608695652174,8
ENG-Premier League,2526,2026-04-11 Burnley-Brighton,1,2025,29094,2026-04-11 14:00:00,92,220,Burnley,Brighton,BRI,BUR,0,1.137,0,0.812029,0.812029,-0.259791,18.3125,3,3,1.5306,2,1.07182,1.07182,0.259791,7.8,11
ENG-Premier League,2526,2026-04-11 Liverpool-Fulham,1,2025,29097,2026-04-11 16:30:00,87,228,Liverpool,Fulham,FLH,LIV,3,1.7901,2,2.01499,2.01499,0.5947500000000001,10.043478260869565,21,0,0.9683999999999999,0,1.42024,1.42024,-0.5947500000000001,13.65,12
ENG-Premier League,2526,2026-04-12 Chelsea-Manchester City,1,2025,29095,2026-04-12 15:30:00,80,88,Chelsea,Manchester City,MCI,CHE,0,0.6302,0,1.22108,1.22108,-1.1873099999999999,25.846153846153847,2,3,2.1764,3,2.40839,2.40839,1.1873099999999999,8.592592592592593,15
ENG-Premier League,2526,2026-04-12 Crystal Palace-Newcastle United,1,2025,29096,2026-04-12 13:00:00,78,86,Crystal Palace,Newcastle United,NEW,CRY,3,2.5955000000000004,2,3.13933,2.37816,1.1051699999999998,10.172413793103448,4,0,0.2813,1,1.27299,1.27299,-1.1051699999999998,10.833333333333334,3
ENG-Premier League,2526,2026-04-12 Nottingham Forest-Aston Villa,1,2025,29089,2026-04-12 13:00:00,249,71,Nottingham Forest,Aston Villa,AVL,NOT,1,0.9284,1,0.85045,0.85045,-0.51252,10.814814814814815,6,1,1.7912000000000001,1,1.36297,1.36297,0.51252,10.375,6
ENG-Premier League,2526,2026-04-12 Sunderland-Tottenham,1,2025,29090,2026-04-12 13:00:00,77,82,Sunderland,Tottenham,TOT,SUN,3,1.9645,1,1.77584,1.77584,0.75986,7.133333333333334,7,0,0.7801,0,1.01598,1.01598,-0.75986,10.947368421052632,3
ENG-Premier League,2526,2026-04-13 Manchester United-Leeds,1,2025,29088,2026-04-13 19:00:00,89,245,Manchester United,Leeds,LED,MUN,0,0.4425,1,1.36555,1.36555,-1.5856299999999999,10.391304347826088,11,3,2.4141000000000004,2,2.95118,2.95118,1.5856299999999999,12.714285714285714,8
